{
  "alpha_struct": 5.0,
  "seed": 4,
  "run_tag": "",
  "bin_edges": [
    0.0,
    0.5,
    1.0,
    1.5,
    2.0,
    2.5,
    3.0,
    3.5,
    4.0,
    4.5,
    5.0,
    5.5,
    6.0
  ],
  "soft_hist_real": [
    0.007261944003403187,
    0.037999656051397324,
    0.12948983907699585,
    0.26186689734458923,
    0.2897389829158783,
    0.16722330451011658,
    0.0499107725918293,
    0.012687720358371735,
    0.015132184140384197,
    0.017348632216453552,
    0.009176830761134624,
    0.0021632141433656216
  ],
  "soft_hist_gen": [
    2.6351011216813047e-12,
    7.63461460717707e-10,
    9.806003475887337e-08,
    5.62053037356236e-06,
    0.0001461928040953353,
    0.0018161262851208448,
    0.012447223998606205,
    0.058698996901512146,
    0.19055157899856567,
    0.3399994373321533,
    0.28725242614746094,
    0.10908227413892746
  ],
  "hard_hist_real": [
    0.0,
    0.0033333334140479565,
    0.0533333346247673,
    0.31333333253860474,
    0.54666668176651,
    0.03333333507180214,
    0.0,
    0.0,
    0.006666666828095913,
    0.04333333298563957,
    0.0,
    0.0
  ],
  "hard_hist_gen": [
    0.0,
    0.0,
    0.0,
    0.0,
    0.0,
    0.0,
    0.0,
    0.03333333507180214,
    0.03999999910593033,
    0.9200000166893005,
    0.006666666828095913,
    0.0
  ],
  "js_soft": 0.5676571130752563,
  "js_hard": 0.5952072143554688,
  "hub_share_real_top1pct": 0.09268707782030106,
  "hub_share_gen_top1pct": 0.012483470141887665
}