{
  "alpha_struct": 5.0,
  "seed": 1,
  "run_tag": "",
  "bin_edges": [
    0.0,
    0.5,
    1.0,
    1.5,
    2.0,
    2.5,
    3.0,
    3.5,
    4.0,
    4.5,
    5.0,
    5.5,
    6.0
  ],
  "soft_hist_real": [
    0.006784317083656788,
    0.0372118279337883,
    0.12971408665180206,
    0.2631380558013916,
    0.2902301549911499,
    0.1668267399072647,
    0.04962190240621567,
    0.012622729875147343,
    0.015130884014070034,
    0.017368551343679428,
    0.009186125360429287,
    0.0021645701490342617
  ],
  "soft_hist_gen": [
    3.981781182847482e-15,
    2.3951908165176228e-12,
    6.70959121595871e-10,
    9.124339328536735e-08,
    6.337846116366563e-06,
    0.0002316888130735606,
    0.004376596305519342,
    0.04062044247984886,
    0.17662769556045532,
    0.34900563955307007,
    0.30831876397132874,
    0.12081269919872284
  ],
  "hard_hist_real": [
    0.0,
    0.0033333334140479565,
    0.0533333346247673,
    0.33000001311302185,
    0.5233333110809326,
    0.03999999910593033,
    0.0,
    0.0,
    0.0033333334140479565,
    0.046666666865348816,
    0.0,
    0.0
  ],
  "hard_hist_gen": [
    0.0,
    0.0,
    0.0,
    0.0,
    0.0,
    0.0,
    0.0,
    0.0,
    0.013333333656191826,
    0.949999988079071,
    0.036666665226221085,
    0.0
  ],
  "js_soft": 0.5823874473571777,
  "js_hard": 0.5947664976119995,
  "hub_share_real_top1pct": 0.09353741258382797,
  "hub_share_gen_top1pct": 0.012186476029455662
}