{
  "alpha_struct": 2.0,
  "seed": 2,
  "run_tag": "",
  "bin_edges": [
    0.0,
    0.5,
    1.0,
    1.5,
    2.0,
    2.5,
    3.0,
    3.5,
    4.0,
    4.5,
    5.0,
    5.5,
    6.0
  ],
  "soft_hist_real": [
    0.005617871414870024,
    0.03566940873861313,
    0.12953579425811768,
    0.26378101110458374,
    0.29088887572288513,
    0.16777685284614563,
    0.050186000764369965,
    0.012904683127999306,
    0.015241341665387154,
    0.0172351635992527,
    0.009041248820722103,
    0.002121811965480447
  ],
  "soft_hist_gen": [
    5.347377560403767e-17,
    8.244677862515384e-14,
    5.5714328983658135e-11,
    1.6502804456308695e-08,
    2.142972789442865e-06,
    0.00012203098594909534,
    0.003048861166462302,
    0.033449962735176086,
    0.16139140725135803,
    0.3432841897010803,
    0.3231832981109619,
    0.13551808893680573
  ],
  "hard_hist_real": [
    0.0,
    0.0,
    0.046666666865348816,
    0.3499999940395355,
    0.5199999809265137,
    0.03333333507180214,
    0.0,
    0.0,
    0.009999999776482582,
    0.03999999910593033,
    0.0,
    0.0
  ],
  "hard_hist_gen": [
    0.0,
    0.0,
    0.0,
    0.0,
    0.0,
    0.0,
    0.0,
    0.0,
    0.0,
    0.9233333468437195,
    0.07666666805744171,
    0.0
  ],
  "js_soft": 0.5862898826599121,
  "js_hard": 0.609937846660614,
  "hub_share_real_top1pct": 0.09240362793207169,
  "hub_share_gen_top1pct": 0.014028981328010559
}