{
  "alpha_struct": 1.0,
  "seed": 4,
  "run_tag": "",
  "bin_edges": [
    0.0,
    0.5,
    1.0,
    1.5,
    2.0,
    2.5,
    3.0,
    3.5,
    4.0,
    4.5,
    5.0,
    5.5,
    6.0
  ],
  "soft_hist_real": [
    0.007261944003403187,
    0.037999656051397324,
    0.12948983907699585,
    0.26186689734458923,
    0.2897389829158783,
    0.16722330451011658,
    0.0499107725918293,
    0.012687720358371735,
    0.015132184140384197,
    0.017348632216453552,
    0.009176830761134624,
    0.0021632141433656216
  ],
  "soft_hist_gen": [
    4.871324860839904e-17,
    7.501532489802287e-14,
    5.0860281264331064e-11,
    1.5166460087812084e-08,
    1.9877129489032086e-06,
    0.00011445016571087763,
    0.0028951496351510286,
    0.032192476093769073,
    0.15757226943969727,
    0.3404799699783325,
    0.32650643587112427,
    0.14023719727993011
  ],
  "hard_hist_real": [
    0.0,
    0.0033333334140479565,
    0.0533333346247673,
    0.31333333253860474,
    0.54666668176651,
    0.03333333507180214,
    0.0,
    0.0,
    0.006666666828095913,
    0.04333333298563957,
    0.0,
    0.0
  ],
  "hard_hist_gen": [
    0.0,
    0.0,
    0.0,
    0.0,
    0.0,
    0.0,
    0.0,
    0.0,
    0.0,
    0.8866666555404663,
    0.1133333370089531,
    0.0
  ],
  "js_soft": 0.5866838693618774,
  "js_hard": 0.6055576801300049,
  "hub_share_real_top1pct": 0.09268707782030106,
  "hub_share_gen_top1pct": 0.014672801829874516
}