{
  "alpha_struct": 10.0,
  "seed": 4,
  "run_tag": "",
  "bin_edges": [
    0.0,
    0.5,
    1.0,
    1.5,
    2.0,
    2.5,
    3.0,
    3.5,
    4.0,
    4.5,
    5.0,
    5.5,
    6.0
  ],
  "soft_hist_real": [
    0.007261944003403187,
    0.037999656051397324,
    0.12948983907699585,
    0.26186689734458923,
    0.2897389829158783,
    0.16722330451011658,
    0.0499107725918293,
    0.012687720358371735,
    0.015132184140384197,
    0.017348632216453552,
    0.009176830761134624,
    0.0021632141433656216
  ],
  "soft_hist_gen": [
    4.5405869277155564e-13,
    1.7460380363765182e-10,
    2.976581292557512e-08,
    2.267684294565697e-06,
    7.878403994254768e-05,
    0.0013150394661352038,
    0.011761204339563847,
    0.06354641169309616,
    0.2046128809452057,
    0.3449614644050598,
    0.2748717665672302,
    0.09885016828775406
  ],
  "hard_hist_real": [
    0.0,
    0.0033333334140479565,
    0.0533333346247673,
    0.31333333253860474,
    0.54666668176651,
    0.03333333507180214,
    0.0,
    0.0,
    0.006666666828095913,
    0.04333333298563957,
    0.0,
    0.0
  ],
  "hard_hist_gen": [
    0.0,
    0.0,
    0.0,
    0.0,
    0.0,
    0.0,
    0.0,
    0.0,
    0.0833333358168602,
    0.9100000262260437,
    0.006666666828095913,
    0.0
  ],
  "js_soft": 0.5688811540603638,
  "js_hard": 0.5931256413459778,
  "hub_share_real_top1pct": 0.09268707782030106,
  "hub_share_gen_top1pct": 0.012524716556072235
}