{
  "alpha_struct": 0.1,
  "seed": 5,
  "run_tag": "",
  "bin_edges": [
    0.0,
    0.5,
    1.0,
    1.5,
    2.0,
    2.5,
    3.0,
    3.5,
    4.0,
    4.5,
    5.0,
    5.5,
    6.0
  ],
  "soft_hist_real": [
    0.007304979953914881,
    0.03844282031059265,
    0.1305759698152542,
    0.2621959149837494,
    0.2890004813671112,
    0.16659767925739288,
    0.04948832467198372,
    0.012449071742594242,
    0.015058208256959915,
    0.017432397231459618,
    0.009264803491532803,
    0.0021892907097935677
  ],
  "soft_hist_gen": [
    2.6545868637523188e-17,
    4.4141804062891934e-14,
    3.2161565077792886e-11,
    1.0268098371568612e-08,
    1.4367042240337469e-06,
    8.812101441435516e-05,
    0.0023704569321125746,
    0.027990447357296944,
    0.14532150328159332,
    0.33274802565574646,
    0.3378760516643524,
    0.1536039412021637
  ],
  "hard_hist_real": [
    0.0,
    0.0033333334140479565,
    0.05000000074505806,
    0.33000001311302185,
    0.550000011920929,
    0.01666666753590107,
    0.0,
    0.0,
    0.006666666828095913,
    0.04333333298563957,
    0.0,
    0.0
  ],
  "hard_hist_gen": [
    0.0,
    0.0,
    0.0,
    0.0,
    0.0,
    0.0,
    0.0,
    0.0,
    0.0,
    0.6399999856948853,
    0.36000001430511475,
    0.0
  ],
  "js_soft": 0.588732123374939,
  "js_hard": 0.6124244928359985,
  "hub_share_real_top1pct": 0.09353741258382797,
  "hub_share_gen_top1pct": 0.014771276153624058
}