{
  "alpha_struct": 0.0,
  "seed": 5,
  "run_tag": "",
  "bin_edges": [
    0.0,
    0.5,
    1.0,
    1.5,
    2.0,
    2.5,
    3.0,
    3.5,
    4.0,
    4.5,
    5.0,
    5.5,
    6.0
  ],
  "soft_hist_real": [
    0.007304979953914881,
    0.03844282031059265,
    0.1305759698152542,
    0.2621959149837494,
    0.2890004813671112,
    0.16659767925739288,
    0.04948832467198372,
    0.012449071742594242,
    0.015058208256959915,
    0.017432397231459618,
    0.009264803491532803,
    0.0021892907097935677
  ],
  "soft_hist_gen": [
    2.3065641867826783e-17,
    3.894249899221054e-14,
    2.880633058477411e-11,
    9.336626582978624e-09,
    1.326139795310155e-06,
    8.256494766101241e-05,
    0.0022543095983564854,
    0.02701611816883087,
    0.14234086871147156,
    0.3306979238986969,
    0.3406161665916443,
    0.15699073672294617
  ],
  "hard_hist_real": [
    0.0,
    0.0033333334140479565,
    0.05000000074505806,
    0.33000001311302185,
    0.550000011920929,
    0.01666666753590107,
    0.0,
    0.0,
    0.006666666828095913,
    0.04333333298563957,
    0.0,
    0.0
  ],
  "hard_hist_gen": [
    0.0,
    0.0,
    0.0,
    0.0,
    0.0,
    0.0,
    0.0,
    0.0,
    0.0,
    0.44999998807907104,
    0.550000011920929,
    0.0
  ],
  "js_soft": 0.5892565846443176,
  "js_hard": 0.6197622418403625,
  "hub_share_real_top1pct": 0.09353741258382797,
  "hub_share_gen_top1pct": 0.014716917648911476
}