{
  "alpha_struct": 10.0,
  "seed": 5,
  "run_tag": "",
  "bin_edges": [
    0.0,
    0.5,
    1.0,
    1.5,
    2.0,
    2.5,
    3.0,
    3.5,
    4.0,
    4.5,
    5.0,
    5.5,
    6.0
  ],
  "soft_hist_real": [
    0.007304979953914881,
    0.03844282031059265,
    0.1305759698152542,
    0.2621959149837494,
    0.2890004813671112,
    0.16659767925739288,
    0.04948832467198372,
    0.012449071742594242,
    0.015058208256959915,
    0.017432397231459618,
    0.009264803491532803,
    0.0021892907097935677
  ],
  "soft_hist_gen": [
    4.4223474979666194e-14,
    2.2920269848736297e-11,
    5.318903983919654e-09,
    5.612531026599754e-07,
    2.7762573154177517e-05,
    0.0006775956717319787,
    0.008649006485939026,
    0.059001319110393524,
    0.20712994039058685,
    0.3517957925796509,
    0.27566835284233093,
    0.0970497578382492
  ],
  "hard_hist_real": [
    0.0,
    0.0033333334140479565,
    0.05000000074505806,
    0.33000001311302185,
    0.550000011920929,
    0.01666666753590107,
    0.0,
    0.0,
    0.006666666828095913,
    0.04333333298563957,
    0.0,
    0.0
  ],
  "hard_hist_gen": [
    0.0,
    0.0,
    0.0,
    0.0,
    0.0,
    0.0,
    0.0,
    0.0,
    0.07333333045244217,
    0.9266666769981384,
    0.0,
    0.0
  ],
  "js_soft": 0.5737106800079346,
  "js_hard": 0.5931503772735596,
  "hub_share_real_top1pct": 0.09353741258382797,
  "hub_share_gen_top1pct": 0.011415899731218815
}