{
  "alpha_struct": 0.5,
  "seed": 5,
  "run_tag": "",
  "bin_edges": [
    0.0,
    0.5,
    1.0,
    1.5,
    2.0,
    2.5,
    3.0,
    3.5,
    4.0,
    4.5,
    5.0,
    5.5,
    6.0
  ],
  "soft_hist_real": [
    0.007304979953914881,
    0.03844282031059265,
    0.1305759698152542,
    0.2621959149837494,
    0.2890004813671112,
    0.16659767925739288,
    0.04948832467198372,
    0.012449071742594242,
    0.015058208256959915,
    0.017432397231459618,
    0.009264803491532803,
    0.0021892907097935677
  ],
  "soft_hist_gen": [
    3.617461658147118e-17,
    5.813441904516797e-14,
    4.094754049721594e-11,
    1.2641887536801732e-08,
    1.7109538248405443e-06,
    0.00010153443145100027,
    0.0026432746089994907,
    0.03021460585296154,
    0.15190687775611877,
    0.336978942155838,
    0.3317451775074005,
    0.1464078575372696
  ],
  "hard_hist_real": [
    0.0,
    0.0033333334140479565,
    0.05000000074505806,
    0.33000001311302185,
    0.550000011920929,
    0.01666666753590107,
    0.0,
    0.0,
    0.006666666828095913,
    0.04333333298563957,
    0.0,
    0.0
  ],
  "hard_hist_gen": [
    0.0,
    0.0,
    0.0,
    0.0,
    0.0,
    0.0,
    0.0,
    0.0,
    0.0,
    0.8500000238418579,
    0.15000000596046448,
    0.0
  ],
  "js_soft": 0.5875811576843262,
  "js_hard": 0.6064505577087402,
  "hub_share_real_top1pct": 0.09353741258382797,
  "hub_share_gen_top1pct": 0.014887513592839241
}