{
  "alpha_struct": 10.0,
  "seed": 2,
  "run_tag": "",
  "bin_edges": [
    0.0,
    0.5,
    1.0,
    1.5,
    2.0,
    2.5,
    3.0,
    3.5,
    4.0,
    4.5,
    5.0,
    5.5,
    6.0
  ],
  "soft_hist_real": [
    0.005617871414870024,
    0.03566940873861313,
    0.12953579425811768,
    0.26378101110458374,
    0.29088887572288513,
    0.16777685284614563,
    0.050186000764369965,
    0.012904683127999306,
    0.015241341665387154,
    0.0172351635992527,
    0.009041248820722103,
    0.002121811965480447
  ],
  "soft_hist_gen": [
    9.940450443709408e-16,
    8.32893704092591e-13,
    3.240366586165777e-10,
    5.961516080787987e-08,
    5.256609256321099e-06,
    0.00022259115939959884,
    0.004478340968489647,
    0.04204290732741356,
    0.18081067502498627,
    0.3509823679924011,
    0.3043525815010071,
    0.11710523813962936
  ],
  "hard_hist_real": [
    0.0,
    0.0,
    0.046666666865348816,
    0.3499999940395355,
    0.5199999809265137,
    0.03333333507180214,
    0.0,
    0.0,
    0.009999999776482582,
    0.03999999910593033,
    0.0,
    0.0
  ],
  "hard_hist_gen": [
    0.0,
    0.0,
    0.0,
    0.0,
    0.0,
    0.0,
    0.0,
    0.0,
    0.006666666828095913,
    0.9633333086967468,
    0.029999999329447746,
    0.0
  ],
  "js_soft": 0.5821555852890015,
  "js_hard": 0.6034986972808838,
  "hub_share_real_top1pct": 0.09240362793207169,
  "hub_share_gen_top1pct": 0.011376645416021347
}