{
  "alpha_struct": 1.0,
  "seed": 2,
  "run_tag": "",
  "bin_edges": [
    0.0,
    0.5,
    1.0,
    1.5,
    2.0,
    2.5,
    3.0,
    3.5,
    4.0,
    4.5,
    5.0,
    5.5,
    6.0
  ],
  "soft_hist_real": [
    0.005617871414870024,
    0.03566940873861313,
    0.12953579425811768,
    0.26378101110458374,
    0.29088887572288513,
    0.16777685284614563,
    0.050186000764369965,
    0.012904683127999306,
    0.015241341665387154,
    0.0172351635992527,
    0.009041248820722103,
    0.002121811965480447
  ],
  "soft_hist_gen": [
    4.5584378384413106e-17,
    7.1525101921939e-14,
    4.9177412142498156e-11,
    1.4817551630130765e-08,
    1.9568569769035093e-06,
    0.0001133017212850973,
    0.002877604914829135,
    0.03208841755986214,
    0.1573708951473236,
    0.3404771089553833,
    0.32672667503356934,
    0.14034399390220642
  ],
  "hard_hist_real": [
    0.0,
    0.0,
    0.046666666865348816,
    0.3499999940395355,
    0.5199999809265137,
    0.03333333507180214,
    0.0,
    0.0,
    0.009999999776482582,
    0.03999999910593033,
    0.0,
    0.0
  ],
  "hard_hist_gen": [
    0.0,
    0.0,
    0.0,
    0.0,
    0.0,
    0.0,
    0.0,
    0.0,
    0.0,
    0.8899999856948853,
    0.10999999940395355,
    0.0
  ],
  "js_soft": 0.5869632363319397,
  "js_hard": 0.6106574535369873,
  "hub_share_real_top1pct": 0.09240362793207169,
  "hub_share_gen_top1pct": 0.014701427891850471
}