{
  "alpha_struct": 0.5,
  "seed": 4,
  "run_tag": "",
  "bin_edges": [
    0.0,
    0.5,
    1.0,
    1.5,
    2.0,
    2.5,
    3.0,
    3.5,
    4.0,
    4.5,
    5.0,
    5.5,
    6.0
  ],
  "soft_hist_real": [
    0.007261944003403187,
    0.037999656051397324,
    0.12948983907699585,
    0.26186689734458923,
    0.2897389829158783,
    0.16722330451011658,
    0.0499107725918293,
    0.012687720358371735,
    0.015132184140384197,
    0.017348632216453552,
    0.009176830761134624,
    0.0021632141433656216
  ],
  "soft_hist_gen": [
    3.818967487576466e-17,
    6.068218573029166e-14,
    4.235838416133397e-11,
    1.2982779296066838e-08,
    1.7466771851104568e-06,
    0.00010314214159734547,
    0.0026738226879388094,
    0.030451415106654167,
    0.15259066224098206,
    0.3374398946762085,
    0.3311406075954437,
    0.1455986499786377
  ],
  "hard_hist_real": [
    0.0,
    0.0033333334140479565,
    0.0533333346247673,
    0.31333333253860474,
    0.54666668176651,
    0.03333333507180214,
    0.0,
    0.0,
    0.006666666828095913,
    0.04333333298563957,
    0.0,
    0.0
  ],
  "hard_hist_gen": [
    0.0,
    0.0,
    0.0,
    0.0,
    0.0,
    0.0,
    0.0,
    0.0,
    0.0,
    0.8399999737739563,
    0.1599999964237213,
    0.0
  ],
  "js_soft": 0.5875520706176758,
  "js_hard": 0.606700599193573,
  "hub_share_real_top1pct": 0.09268707782030106,
  "hub_share_gen_top1pct": 0.01477511040866375
}