{
  "alpha_struct": 0.1,
  "seed": 1,
  "run_tag": "",
  "bin_edges": [
    0.0,
    0.5,
    1.0,
    1.5,
    2.0,
    2.5,
    3.0,
    3.5,
    4.0,
    4.5,
    5.0,
    5.5,
    6.0
  ],
  "soft_hist_real": [
    0.006784317083656788,
    0.0372118279337883,
    0.12971408665180206,
    0.2631380558013916,
    0.2902301549911499,
    0.1668267399072647,
    0.04962190240621567,
    0.012622729875147343,
    0.015130884014070034,
    0.017368551343679428,
    0.009186125360429287,
    0.0021645701490342617
  ],
  "soft_hist_gen": [
    2.5816833004649577e-17,
    4.305798474929859e-14,
    3.146459828795578e-11,
    1.0075019041266842e-08,
    1.4138043979983195e-06,
    8.697000885149464e-05,
    0.0023463822435587645,
    0.027788670733571053,
    0.14470884203910828,
    0.33234691619873047,
    0.33845701813697815,
    0.1542637199163437
  ],
  "hard_hist_real": [
    0.0,
    0.0033333334140479565,
    0.0533333346247673,
    0.33000001311302185,
    0.5233333110809326,
    0.03999999910593033,
    0.0,
    0.0,
    0.0033333334140479565,
    0.046666666865348816,
    0.0,
    0.0
  ],
  "hard_hist_gen": [
    0.0,
    0.0,
    0.0,
    0.0,
    0.0,
    0.0,
    0.0,
    0.0,
    0.0,
    0.6266666650772095,
    0.3733333349227905,
    0.0
  ],
  "js_soft": 0.5889400839805603,
  "js_hard": 0.6083601713180542,
  "hub_share_real_top1pct": 0.09353741258382797,
  "hub_share_gen_top1pct": 0.014694339595735073
}