{
  "alpha_struct": 2.0,
  "seed": 5,
  "run_tag": "",
  "bin_edges": [
    0.0,
    0.5,
    1.0,
    1.5,
    2.0,
    2.5,
    3.0,
    3.5,
    4.0,
    4.5,
    5.0,
    5.5,
    6.0
  ],
  "soft_hist_real": [
    0.007304979953914881,
    0.03844282031059265,
    0.1305759698152542,
    0.2621959149837494,
    0.2890004813671112,
    0.16659767925739288,
    0.04948832467198372,
    0.012449071742594242,
    0.015058208256959915,
    0.017432397231459618,
    0.009264803491532803,
    0.0021892907097935677
  ],
  "soft_hist_gen": [
    6.408030562594377e-17,
    9.29803312794096e-14,
    6.025215049110244e-11,
    1.7346124536743446e-08,
    2.2099811758380383e-06,
    0.00012427281762938946,
    0.003079533576965332,
    0.03361048921942711,
    0.1616479903459549,
    0.3432171940803528,
    0.3228900730609894,
    0.13542822003364563
  ],
  "hard_hist_real": [
    0.0,
    0.0033333334140479565,
    0.05000000074505806,
    0.33000001311302185,
    0.550000011920929,
    0.01666666753590107,
    0.0,
    0.0,
    0.006666666828095913,
    0.04333333298563957,
    0.0,
    0.0
  ],
  "hard_hist_gen": [
    0.0,
    0.0,
    0.0,
    0.0,
    0.0,
    0.0,
    0.0,
    0.0,
    0.0,
    0.9233333468437195,
    0.07666666805744171,
    0.0
  ],
  "js_soft": 0.5859067440032959,
  "js_hard": 0.6047000885009766,
  "hub_share_real_top1pct": 0.09353741258382797,
  "hub_share_gen_top1pct": 0.014110973104834557
}