{
  "alpha_struct": 1.0,
  "seed": 3,
  "run_tag": "",
  "bin_edges": [
    0.0,
    0.5,
    1.0,
    1.5,
    2.0,
    2.5,
    3.0,
    3.5,
    4.0,
    4.5,
    5.0,
    5.5,
    6.0
  ],
  "soft_hist_real": [
    0.006225198041647673,
    0.03585309162735939,
    0.12827108800411224,
    0.26247990131378174,
    0.2917393147945404,
    0.16895301640033722,
    0.05014268308877945,
    0.012627038173377514,
    0.015238898806273937,
    0.017328718677163124,
    0.009040609933435917,
    0.0021005047019571066
  ],
  "soft_hist_gen": [
    3.3835019598670686e-16,
    2.699494002899455e-13,
    1.078644673579987e-10,
    2.2359520457371218e-08,
    2.3738750769553008e-06,
    0.00012300531670916826,
    0.002967745764181018,
    0.03237462416291237,
    0.15746155381202698,
    0.3399796783924103,
    0.3265283405780792,
    0.14056266844272614
  ],
  "hard_hist_real": [
    0.0,
    0.0033333334140479565,
    0.03333333507180214,
    0.3199999928474426,
    0.5600000023841858,
    0.03333333507180214,
    0.0,
    0.0,
    0.006666666828095913,
    0.04333333298563957,
    0.0,
    0.0
  ],
  "hard_hist_gen": [
    0.0,
    0.0,
    0.0,
    0.0,
    0.0,
    0.0,
    0.0,
    0.0,
    0.0033333334140479565,
    0.8766666650772095,
    0.11999999731779099,
    0.0
  ],
  "js_soft": 0.5868391990661621,
  "js_hard": 0.6026149988174438,
  "hub_share_real_top1pct": 0.09382086247205734,
  "hub_share_gen_top1pct": 0.014729874208569527
}