{
  "alpha_struct": 0.0,
  "seed": 3,
  "run_tag": "",
  "bin_edges": [
    0.0,
    0.5,
    1.0,
    1.5,
    2.0,
    2.5,
    3.0,
    3.5,
    4.0,
    4.5,
    5.0,
    5.5,
    6.0
  ],
  "soft_hist_real": [
    0.006225198041647673,
    0.03585309162735939,
    0.12827108800411224,
    0.26247990131378174,
    0.2917393147945404,
    0.16895301640033722,
    0.05014268308877945,
    0.012627038173377514,
    0.015238898806273937,
    0.017328718677163124,
    0.009040609933435917,
    0.0021005047019571066
  ],
  "soft_hist_gen": [
    2.404843004285206e-17,
    3.8528692904290715e-14,
    2.764865246474013e-11,
    8.83120243599933e-09,
    1.2495556802605279e-06,
    7.806490611983463e-05,
    0.0021491104271262884,
    0.026051077991724014,
    0.1391213983297348,
    0.3280828297138214,
    0.34342238306999207,
    0.16109392046928406
  ],
  "hard_hist_real": [
    0.0,
    0.0033333334140479565,
    0.03333333507180214,
    0.3199999928474426,
    0.5600000023841858,
    0.03333333507180214,
    0.0,
    0.0,
    0.006666666828095913,
    0.04333333298563957,
    0.0,
    0.0
  ],
  "hard_hist_gen": [
    0.0,
    0.0,
    0.0,
    0.0,
    0.0,
    0.0,
    0.0,
    0.0,
    0.0,
    0.25999999046325684,
    0.7400000095367432,
    0.0
  ],
  "js_soft": 0.590224027633667,
  "js_hard": 0.6309462189674377,
  "hub_share_real_top1pct": 0.09382086247205734,
  "hub_share_gen_top1pct": 0.014853724278509617
}