{
  "alpha_struct": 5.0,
  "seed": 5,
  "run_tag": "",
  "bin_edges": [
    0.0,
    0.5,
    1.0,
    1.5,
    2.0,
    2.5,
    3.0,
    3.5,
    4.0,
    4.5,
    5.0,
    5.5,
    6.0
  ],
  "soft_hist_real": [
    0.007304979953914881,
    0.03844282031059265,
    0.1305759698152542,
    0.2621959149837494,
    0.2890004813671112,
    0.16659767925739288,
    0.04948832467198372,
    0.012449071742594242,
    0.015058208256959915,
    0.017432397231459618,
    0.009264803491532803,
    0.0021892907097935677
  ],
  "soft_hist_gen": [
    2.7326296607455003e-13,
    1.078878930638183e-10,
    1.8987831751360318e-08,
    1.5069707615111838e-06,
    5.547728869714774e-05,
    0.0010111217852681875,
    0.01017815712839365,
    0.06103084236383438,
    0.20615029335021973,
    0.34940922260284424,
    0.2750406563282013,
    0.0971226915717125
  ],
  "hard_hist_real": [
    0.0,
    0.0033333334140479565,
    0.05000000074505806,
    0.33000001311302185,
    0.550000011920929,
    0.01666666753590107,
    0.0,
    0.0,
    0.006666666828095913,
    0.04333333298563957,
    0.0,
    0.0
  ],
  "hard_hist_gen": [
    0.0,
    0.0,
    0.0,
    0.0,
    0.0,
    0.0,
    0.0,
    0.0,
    0.07000000029802322,
    0.9233333468437195,
    0.006666666828095913,
    0.0
  ],
  "js_soft": 0.571206271648407,
  "js_hard": 0.5933748483657837,
  "hub_share_real_top1pct": 0.09353741258382797,
  "hub_share_gen_top1pct": 0.011809369549155235
}