{
  "alpha_struct": 0.5,
  "seed": 2,
  "run_tag": "",
  "bin_edges": [
    0.0,
    0.5,
    1.0,
    1.5,
    2.0,
    2.5,
    3.0,
    3.5,
    4.0,
    4.5,
    5.0,
    5.5,
    6.0
  ],
  "soft_hist_real": [
    0.005617871414870024,
    0.03566940873861313,
    0.12953579425811768,
    0.26378101110458374,
    0.29088887572288513,
    0.16777685284614563,
    0.050186000764369965,
    0.012904683127999306,
    0.015241341665387154,
    0.0172351635992527,
    0.009041248820722103,
    0.002121811965480447
  ],
  "soft_hist_gen": [
    3.495386674218787e-17,
    5.643950950584391e-14,
    3.992981986722377e-11,
    1.2378698066584093e-08,
    1.6818237327242969e-06,
    0.00010016839223681018,
    0.0026166182942688465,
    0.030006106942892075,
    0.151316300034523,
    0.3366306722164154,
    0.33229994773864746,
    0.14702846109867096
  ],
  "hard_hist_real": [
    0.0,
    0.0,
    0.046666666865348816,
    0.3499999940395355,
    0.5199999809265137,
    0.03333333507180214,
    0.0,
    0.0,
    0.009999999776482582,
    0.03999999910593033,
    0.0,
    0.0
  ],
  "hard_hist_gen": [
    0.0,
    0.0,
    0.0,
    0.0,
    0.0,
    0.0,
    0.0,
    0.0,
    0.0,
    0.8299999833106995,
    0.17000000178813934,
    0.0
  ],
  "js_soft": 0.5880175828933716,
  "js_hard": 0.6120219230651855,
  "hub_share_real_top1pct": 0.09240362793207169,
  "hub_share_gen_top1pct": 0.014901180751621723
}