{
  "alpha_struct": 2.0,
  "seed": 3,
  "run_tag": "",
  "bin_edges": [
    0.0,
    0.5,
    1.0,
    1.5,
    2.0,
    2.5,
    3.0,
    3.5,
    4.0,
    4.5,
    5.0,
    5.5,
    6.0
  ],
  "soft_hist_real": [
    0.006225198041647673,
    0.03585309162735939,
    0.12827108800411224,
    0.26247990131378174,
    0.2917393147945404,
    0.16895301640033722,
    0.05014268308877945,
    0.012627038173377514,
    0.015238898806273937,
    0.017328718677163124,
    0.009040609933435917,
    0.0021005047019571066
  ],
  "soft_hist_gen": [
    3.1355960308700886e-14,
    1.2001949781237364e-11,
    2.049651781632633e-09,
    1.6362145061066258e-07,
    6.96750885254005e-06,
    0.00019327910558786243,
    0.003530119312927127,
    0.034923844039440155,
    0.16312827169895172,
    0.342989444732666,
    0.32112395763397217,
    0.13410401344299316
  ],
  "hard_hist_real": [
    0.0,
    0.0033333334140479565,
    0.03333333507180214,
    0.3199999928474426,
    0.5600000023841858,
    0.03333333507180214,
    0.0,
    0.0,
    0.006666666828095913,
    0.04333333298563957,
    0.0,
    0.0
  ],
  "hard_hist_gen": [
    0.0,
    0.0,
    0.0,
    0.0,
    0.0,
    0.0,
    0.0,
    0.0,
    0.0033333334140479565,
    0.9366666674613953,
    0.05999999865889549,
    0.0
  ],
  "js_soft": 0.5851652026176453,
  "js_hard": 0.6012139320373535,
  "hub_share_real_top1pct": 0.09382086247205734,
  "hub_share_gen_top1pct": 0.014060847461223602
}