{
  "alpha_struct": 0.1,
  "seed": 4,
  "run_tag": "",
  "bin_edges": [
    0.0,
    0.5,
    1.0,
    1.5,
    2.0,
    2.5,
    3.0,
    3.5,
    4.0,
    4.5,
    5.0,
    5.5,
    6.0
  ],
  "soft_hist_real": [
    0.007261944003403187,
    0.037999656051397324,
    0.12948983907699585,
    0.26186689734458923,
    0.2897389829158783,
    0.16722330451011658,
    0.0499107725918293,
    0.012687720358371735,
    0.015132184140384197,
    0.017348632216453552,
    0.009176830761134624,
    0.0021632141433656216
  ],
  "soft_hist_gen": [
    2.6555981747692262e-17,
    4.402296195226037e-14,
    3.2013204587233446e-11,
    1.0210404965960151e-08,
    1.4282255733633065e-06,
    8.762616198509932e-05,
    0.002358878031373024,
    0.02788390778005123,
    0.14496490359306335,
    0.3324568271636963,
    0.3381863832473755,
    0.1540599763393402
  ],
  "hard_hist_real": [
    0.0,
    0.0033333334140479565,
    0.0533333346247673,
    0.31333333253860474,
    0.54666668176651,
    0.03333333507180214,
    0.0,
    0.0,
    0.006666666828095913,
    0.04333333298563957,
    0.0,
    0.0
  ],
  "hard_hist_gen": [
    0.0,
    0.0,
    0.0,
    0.0,
    0.0,
    0.0,
    0.0,
    0.0,
    0.0,
    0.6299999952316284,
    0.3700000047683716,
    0.0
  ],
  "js_soft": 0.5888934135437012,
  "js_hard": 0.6127545833587646,
  "hub_share_real_top1pct": 0.09268707782030106,
  "hub_share_gen_top1pct": 0.014788312837481499
}