{
  "alpha_struct": 0.5,
  "seed": 1,
  "run_tag": "",
  "bin_edges": [
    0.0,
    0.5,
    1.0,
    1.5,
    2.0,
    2.5,
    3.0,
    3.5,
    4.0,
    4.5,
    5.0,
    5.5,
    6.0
  ],
  "soft_hist_real": [
    0.006784317083656788,
    0.0372118279337883,
    0.12971408665180206,
    0.2631380558013916,
    0.2902301549911499,
    0.1668267399072647,
    0.04962190240621567,
    0.012622729875147343,
    0.015130884014070034,
    0.017368551343679428,
    0.009186125360429287,
    0.0021645701490342617
  ],
  "soft_hist_gen": [
    3.5908565517972073e-17,
    5.777627318627812e-14,
    4.0737989370764893e-11,
    1.2588805553548355e-08,
    1.7051738723239396e-06,
    0.00010126761480933055,
    0.002638199832290411,
    0.030177399516105652,
    0.15182173252105713,
    0.3369917571544647,
    0.33186766505241394,
    0.1464003324508667
  ],
  "hard_hist_real": [
    0.0,
    0.0033333334140479565,
    0.0533333346247673,
    0.33000001311302185,
    0.5233333110809326,
    0.03999999910593033,
    0.0,
    0.0,
    0.0033333334140479565,
    0.046666666865348816,
    0.0,
    0.0
  ],
  "hard_hist_gen": [
    0.0,
    0.0,
    0.0,
    0.0,
    0.0,
    0.0,
    0.0,
    0.0,
    0.0,
    0.8366666436195374,
    0.16333332657814026,
    0.0
  ],
  "js_soft": 0.5876913070678711,
  "js_hard": 0.6018255949020386,
  "hub_share_real_top1pct": 0.09353741258382797,
  "hub_share_gen_top1pct": 0.014726012013852596
}