{
  "alpha_struct": 0.0,
  "seed": 1,
  "run_tag": "",
  "bin_edges": [
    0.0,
    0.5,
    1.0,
    1.5,
    2.0,
    2.5,
    3.0,
    3.5,
    4.0,
    4.5,
    5.0,
    5.5,
    6.0
  ],
  "soft_hist_real": [
    0.006784317083656788,
    0.0372118279337883,
    0.12971408665180206,
    0.2631380558013916,
    0.2902301549911499,
    0.1668267399072647,
    0.04962190240621567,
    0.012622729875147343,
    0.015130884014070034,
    0.017368551343679428,
    0.009186125360429287,
    0.0021645701490342617
  ],
  "soft_hist_gen": [
    2.1799908292471616e-17,
    3.701879907756951e-14,
    2.7542636574229284e-11,
    8.979246679530206e-09,
    1.282886501030589e-06,
    8.034594065975398e-05,
    0.0022068629041314125,
    0.026607679203152657,
    0.1410488784313202,
    0.3297363817691803,
    0.34177646040916443,
    0.15854209661483765
  ],
  "hard_hist_real": [
    0.0,
    0.0033333334140479565,
    0.0533333346247673,
    0.33000001311302185,
    0.5233333110809326,
    0.03999999910593033,
    0.0,
    0.0,
    0.0033333334140479565,
    0.046666666865348816,
    0.0,
    0.0
  ],
  "hard_hist_gen": [
    0.0,
    0.0,
    0.0,
    0.0,
    0.0,
    0.0,
    0.0,
    0.0,
    0.0,
    0.3866666555404663,
    0.6133333444595337,
    0.0
  ],
  "js_soft": 0.5895867347717285,
  "js_hard": 0.6191201210021973,
  "hub_share_real_top1pct": 0.09353741258382797,
  "hub_share_gen_top1pct": 0.014721577987074852
}