{
  "alpha_struct": 2.0,
  "seed": 4,
  "run_tag": "",
  "bin_edges": [
    0.0,
    0.5,
    1.0,
    1.5,
    2.0,
    2.5,
    3.0,
    3.5,
    4.0,
    4.5,
    5.0,
    5.5,
    6.0
  ],
  "soft_hist_real": [
    0.007261944003403187,
    0.037999656051397324,
    0.12948983907699585,
    0.26186689734458923,
    0.2897389829158783,
    0.16722330451011658,
    0.0499107725918293,
    0.012687720358371735,
    0.015132184140384197,
    0.017348632216453552,
    0.009176830761134624,
    0.0021632141433656216
  ],
  "soft_hist_gen": [
    6.009872137825652e-17,
    9.053815910962243e-14,
    6.003476882288084e-11,
    1.750714240245088e-08,
    2.243979906779714e-06,
    0.00012638246698770672,
    0.003127788193523884,
    0.03403150662779808,
    0.16296859085559845,
    0.34419307112693787,
    0.3217250108718872,
    0.1338254064321518
  ],
  "hard_hist_real": [
    0.0,
    0.0033333334140479565,
    0.0533333346247673,
    0.31333333253860474,
    0.54666668176651,
    0.03333333507180214,
    0.0,
    0.0,
    0.006666666828095913,
    0.04333333298563957,
    0.0,
    0.0
  ],
  "hard_hist_gen": [
    0.0,
    0.0,
    0.0,
    0.0,
    0.0,
    0.0,
    0.0,
    0.0,
    0.0,
    0.9300000071525574,
    0.07000000029802322,
    0.0
  ],
  "js_soft": 0.5857892036437988,
  "js_hard": 0.6045477390289307,
  "hub_share_real_top1pct": 0.09268707782030106,
  "hub_share_gen_top1pct": 0.013805409893393517
}