{
  "alpha_struct": 0.1,
  "seed": 3,
  "run_tag": "",
  "bin_edges": [
    0.0,
    0.5,
    1.0,
    1.5,
    2.0,
    2.5,
    3.0,
    3.5,
    4.0,
    4.5,
    5.0,
    5.5,
    6.0
  ],
  "soft_hist_real": [
    0.006225198041647673,
    0.03585309162735939,
    0.12827108800411224,
    0.26247990131378174,
    0.2917393147945404,
    0.16895301640033722,
    0.05014268308877945,
    0.012627038173377514,
    0.015238898806273937,
    0.017328718677163124,
    0.009040609933435917,
    0.0021005047019571066
  ],
  "soft_hist_gen": [
    3.1751757946766495e-17,
    4.772807379893086e-14,
    3.2667771265870726e-11,
    1.0070364098169193e-08,
    1.3858788179277326e-06,
    8.46147959236987e-05,
    0.0022829631343483925,
    0.027165982872247696,
    0.14254944026470184,
    0.33051109313964844,
    0.3403034508228302,
    0.15710116922855377
  ],
  "hard_hist_real": [
    0.0,
    0.0033333334140479565,
    0.03333333507180214,
    0.3199999928474426,
    0.5600000023841858,
    0.03333333507180214,
    0.0,
    0.0,
    0.006666666828095913,
    0.04333333298563957,
    0.0,
    0.0
  ],
  "hard_hist_gen": [
    0.0,
    0.0,
    0.0,
    0.0,
    0.0,
    0.0,
    0.0,
    0.0,
    0.0,
    0.4633333384990692,
    0.5366666913032532,
    0.0
  ],
  "js_soft": 0.5895984768867493,
  "js_hard": 0.6191578507423401,
  "hub_share_real_top1pct": 0.09382086247205734,
  "hub_share_gen_top1pct": 0.014892913401126862
}