{
  "alpha_struct": 1.0,
  "seed": 1,
  "run_tag": "",
  "bin_edges": [
    0.0,
    0.5,
    1.0,
    1.5,
    2.0,
    2.5,
    3.0,
    3.5,
    4.0,
    4.5,
    5.0,
    5.5,
    6.0
  ],
  "soft_hist_real": [
    0.006784317083656788,
    0.0372118279337883,
    0.12971408665180206,
    0.2631380558013916,
    0.2902301549911499,
    0.1668267399072647,
    0.04962190240621567,
    0.012622729875147343,
    0.015130884014070034,
    0.017368551343679428,
    0.009186125360429287,
    0.0021645701490342617
  ],
  "soft_hist_gen": [
    4.4402717792156604e-17,
    6.975420675098265e-14,
    4.8038954758578e-11,
    1.4504376366630822e-08,
    1.9201679606339894e-06,
    0.00011148679186590016,
    0.0028402956668287516,
    0.031780317425727844,
    0.15643885731697083,
    0.3398325741291046,
    0.327570378780365,
    0.14142431318759918
  ],
  "hard_hist_real": [
    0.0,
    0.0033333334140479565,
    0.0533333346247673,
    0.33000001311302185,
    0.5233333110809326,
    0.03999999910593033,
    0.0,
    0.0,
    0.0033333334140479565,
    0.046666666865348816,
    0.0,
    0.0
  ],
  "hard_hist_gen": [
    0.0,
    0.0,
    0.0,
    0.0,
    0.0,
    0.0,
    0.0,
    0.0,
    0.0,
    0.8866666555404663,
    0.1133333370089531,
    0.0
  ],
  "js_soft": 0.5868892073631287,
  "js_hard": 0.6005067825317383,
  "hub_share_real_top1pct": 0.09353741258382797,
  "hub_share_gen_top1pct": 0.014659672975540161
}