{
  "alpha_struct": 10.0,
  "seed": 4,
  "run_tag": "",
  "bin_edges": [
    0.0,
    0.5,
    1.0,
    1.5,
    2.0,
    2.5,
    3.0,
    3.5,
    4.0,
    4.5,
    5.0,
    5.5,
    6.0
  ],
  "soft_hist_real": [
    0.007261944003403187,
    0.037999656051397324,
    0.12948983907699585,
    0.26186689734458923,
    0.2897389829158783,
    0.16722330451011658,
    0.0499107725918293,
    0.012687720358371735,
    0.015132184140384197,
    0.017348632216453552,
    0.009176830761134624,
    0.0021632141433656216
  ],
  "soft_hist_gen": [
    0.0011916536604985595,
    0.004554664250463247,
    0.013752982951700687,
    0.06161633878946304,
    0.20832951366901398,
    0.3423020839691162,
    0.2589326500892639,
    0.09190831333398819,
    0.015939651057124138,
    0.0014068466844037175,
    6.389868940459564e-05,
    1.4509163293041638e-06
  ],
  "hard_hist_real": [
    0.0,
    0.0033333334140479565,
    0.0533333346247673,
    0.31333333253860474,
    0.54666668176651,
    0.03333333507180214,
    0.0,
    0.0,
    0.006666666828095913,
    0.04333333298563957,
    0.0,
    0.0
  ],
  "hard_hist_gen": [
    0.0,
    0.0,
    0.01666666753590107,
    0.0033333334140479565,
    0.006666666828095913,
    0.8766666650772095,
    0.09666666388511658,
    0.0,
    0.0,
    0.0,
    0.0,
    0.0
  ],
  "js_soft": 0.1511843204498291,
  "js_hard": 0.5751738548278809,
  "hub_share_real_top1pct": 0.09268707782030106,
  "hub_share_gen_top1pct": 0.01710144616663456
}