{
  "alpha_struct": 5.0,
  "seed": 5,
  "run_tag": "",
  "bin_edges": [
    0.0,
    0.5,
    1.0,
    1.5,
    2.0,
    2.5,
    3.0,
    3.5,
    4.0,
    4.5,
    5.0,
    5.5,
    6.0
  ],
  "soft_hist_real": [
    0.007304979953914881,
    0.03844282031059265,
    0.1305759698152542,
    0.2621959149837494,
    0.2890004813671112,
    0.16659767925739288,
    0.04948832467198372,
    0.012449071742594242,
    0.015058208256959915,
    0.017432397231459618,
    0.009264803491532803,
    0.0021892907097935677
  ],
  "soft_hist_gen": [
    7.879908662289381e-05,
    0.000808070704806596,
    0.008360411040484905,
    0.06057898327708244,
    0.2158714085817337,
    0.3498991131782532,
    0.25841227173805237,
    0.0894157662987709,
    0.015185740776360035,
    0.001327536185272038,
    6.0518352256622165e-05,
    1.3898378483645502e-06
  ],
  "hard_hist_real": [
    0.0,
    0.0033333334140479565,
    0.05000000074505806,
    0.33000001311302185,
    0.550000011920929,
    0.01666666753590107,
    0.0,
    0.0,
    0.006666666828095913,
    0.04333333298563957,
    0.0,
    0.0
  ],
  "hard_hist_gen": [
    0.0,
    0.0,
    0.0,
    0.0033333334140479565,
    0.0033333334140479565,
    0.9133333563804626,
    0.07999999821186066,
    0.0,
    0.0,
    0.0,
    0.0,
    0.0
  ],
  "js_soft": 0.1626838743686676,
  "js_hard": 0.6318589448928833,
  "hub_share_real_top1pct": 0.09353741258382797,
  "hub_share_gen_top1pct": 0.01720925234258175
}