{
  "alpha_struct": 0.5,
  "seed": 1,
  "run_tag": "",
  "bin_edges": [
    0.0,
    0.5,
    1.0,
    1.5,
    2.0,
    2.5,
    3.0,
    3.5,
    4.0,
    4.5,
    5.0,
    5.5,
    6.0
  ],
  "soft_hist_real": [
    0.006784317083656788,
    0.0372118279337883,
    0.12971408665180206,
    0.2631380558013916,
    0.2902301549911499,
    0.1668267399072647,
    0.04962190240621567,
    0.012622729875147343,
    0.015130884014070034,
    0.017368551343679428,
    0.009186125360429287,
    0.0021645701490342617
  ],
  "soft_hist_gen": [
    1.1421310773584992e-05,
    0.0004680791753344238,
    0.00841751042753458,
    0.06651012599468231,
    0.23151998221874237,
    0.3569452464580536,
    0.24628910422325134,
    0.07751196622848511,
    0.01146844495087862,
    0.0008276771404780447,
    2.9893793907831423e-05,
    5.37884034201852e-07
  ],
  "hard_hist_real": [
    0.0,
    0.0033333334140479565,
    0.0533333346247673,
    0.33000001311302185,
    0.5233333110809326,
    0.03999999910593033,
    0.0,
    0.0,
    0.0033333334140479565,
    0.046666666865348816,
    0.0,
    0.0
  ],
  "hard_hist_gen": [
    0.0,
    0.0,
    0.0,
    0.0,
    0.0,
    0.949999988079071,
    0.05000000074505806,
    0.0,
    0.0,
    0.0,
    0.0,
    0.0
  ],
  "js_soft": 0.1540309488773346,
  "js_hard": 0.6093802452087402,
  "hub_share_real_top1pct": 0.09353741258382797,
  "hub_share_gen_top1pct": 0.01600036583840847
}