{
  "alpha_struct": 5.0,
  "seed": 2,
  "run_tag": "",
  "bin_edges": [
    0.0,
    0.5,
    1.0,
    1.5,
    2.0,
    2.5,
    3.0,
    3.5,
    4.0,
    4.5,
    5.0,
    5.5,
    6.0
  ],
  "soft_hist_real": [
    0.005617871414870024,
    0.03566940873861313,
    0.12953579425811768,
    0.26378101110458374,
    0.29088887572288513,
    0.16777685284614563,
    0.050186000764369965,
    0.012904683127999306,
    0.015241341665387154,
    0.0172351635992527,
    0.009041248820722103,
    0.002121811965480447
  ],
  "soft_hist_gen": [
    9.615213457436766e-06,
    0.00040405004983767867,
    0.007467308081686497,
    0.06082586571574211,
    0.21925140917301178,
    0.3524695932865143,
    0.25666898488998413,
    0.08716702461242676,
    0.014452492818236351,
    0.0012280838564038277,
    5.4380419896915555e-05,
    1.2160696769569768e-06
  ],
  "hard_hist_real": [
    0.0,
    0.0,
    0.046666666865348816,
    0.3499999940395355,
    0.5199999809265137,
    0.03333333507180214,
    0.0,
    0.0,
    0.009999999776482582,
    0.03999999910593033,
    0.0,
    0.0
  ],
  "hard_hist_gen": [
    0.0,
    0.0,
    0.0,
    0.0,
    0.0,
    0.9366666674613953,
    0.06333333253860474,
    0.0,
    0.0,
    0.0,
    0.0,
    0.0
  ],
  "js_soft": 0.1610860824584961,
  "js_hard": 0.6205912232398987,
  "hub_share_real_top1pct": 0.09240362793207169,
  "hub_share_gen_top1pct": 0.017066972330212593
}