{
  "alpha_struct": 0.0,
  "seed": 3,
  "run_tag": "",
  "bin_edges": [
    0.0,
    0.5,
    1.0,
    1.5,
    2.0,
    2.5,
    3.0,
    3.5,
    4.0,
    4.5,
    5.0,
    5.5,
    6.0
  ],
  "soft_hist_real": [
    0.006225198041647673,
    0.03585309162735939,
    0.12827108800411224,
    0.26247990131378174,
    0.2917393147945404,
    0.16895301640033722,
    0.05014268308877945,
    0.012627038173377514,
    0.015238898806273937,
    0.017328718677163124,
    0.009040609933435917,
    0.0021005047019571066
  ],
  "soft_hist_gen": [
    1.0014913641498424e-05,
    0.0004203051212243736,
    0.007761996239423752,
    0.06308639794588089,
    0.22598129510879517,
    0.35796165466308594,
    0.25233757495880127,
    0.08002199977636337,
    0.011606390587985516,
    0.000786491553299129,
    2.5414161427761428e-05,
    3.955587146720063e-07
  ],
  "hard_hist_real": [
    0.0,
    0.0033333334140479565,
    0.03333333507180214,
    0.3199999928474426,
    0.5600000023841858,
    0.03333333507180214,
    0.0,
    0.0,
    0.006666666828095913,
    0.04333333298563957,
    0.0,
    0.0
  ],
  "hard_hist_gen": [
    0.0,
    0.0,
    0.0,
    0.0,
    0.0,
    0.949999988079071,
    0.05000000074505806,
    0.0,
    0.0,
    0.0,
    0.0,
    0.0
  ],
  "js_soft": 0.15717631578445435,
  "js_hard": 0.6203597187995911,
  "hub_share_real_top1pct": 0.09382086247205734,
  "hub_share_gen_top1pct": 0.014853724278509617
}