{
  "alpha_struct": 0.1,
  "seed": 2,
  "run_tag": "",
  "bin_edges": [
    0.0,
    0.5,
    1.0,
    1.5,
    2.0,
    2.5,
    3.0,
    3.5,
    4.0,
    4.5,
    5.0,
    5.5,
    6.0
  ],
  "soft_hist_real": [
    0.005617871414870024,
    0.03566940873861313,
    0.12953579425811768,
    0.26378101110458374,
    0.29088887572288513,
    0.16777685284614563,
    0.050186000764369965,
    0.012904683127999306,
    0.015241341665387154,
    0.0172351635992527,
    0.009041248820722103,
    0.002121811965480447
  ],
  "soft_hist_gen": [
    1.0480748642294202e-05,
    0.0004376918659545481,
    0.008018320426344872,
    0.06451582163572311,
    0.2285163700580597,
    0.35785478353500366,
    0.24970830976963043,
    0.0786915272474289,
    0.0114336758852005,
    0.0007863702485337853,
    2.6201343644061126e-05,
    4.259843251475104e-07
  ],
  "hard_hist_real": [
    0.0,
    0.0,
    0.046666666865348816,
    0.3499999940395355,
    0.5199999809265137,
    0.03333333507180214,
    0.0,
    0.0,
    0.009999999776482582,
    0.03999999910593033,
    0.0,
    0.0
  ],
  "hard_hist_gen": [
    0.0,
    0.0,
    0.0,
    0.0,
    0.0,
    0.949999988079071,
    0.05000000074505806,
    0.0,
    0.0,
    0.0,
    0.0,
    0.0
  ],
  "js_soft": 0.1554134637117386,
  "js_hard": 0.6203597187995911,
  "hub_share_real_top1pct": 0.09240362793207169,
  "hub_share_gen_top1pct": 0.01526474580168724
}