{
  "alpha_struct": 0.1,
  "seed": 2,
  "run_tag": "",
  "bin_edges": [
    0.0,
    0.5,
    1.0,
    1.5,
    2.0,
    2.5,
    3.0,
    3.5,
    4.0,
    4.5,
    5.0,
    5.5,
    6.0
  ],
  "soft_hist_real": [
    0.005617871414870024,
    0.03566940873861313,
    0.12953579425811768,
    0.26378101110458374,
    0.29088887572288513,
    0.16777685284614563,
    0.050186000764369965,
    0.012904683127999306,
    0.015241341665387154,
    0.0172351635992527,
    0.009041248820722103,
    0.002121811965480447
  ],
  "soft_hist_gen": [
    1.0484758604434319e-05,
    0.00043782577267847955,
    0.008020160719752312,
    0.06452570110559464,
    0.22853407263755798,
    0.35785579681396484,
    0.2496909648180008,
    0.07868074625730515,
    0.011431439779698849,
    0.0007861807243898511,
    2.6194224119535647e-05,
    4.2586006543388066e-07
  ],
  "soft_hist_real_mass": [
    0.0018583298660814762,
    0.014423890970647335,
    0.06291963160037994,
    0.14960922300815582,
    0.18737228214740753,
    0.12063974887132645,
    0.0465393103659153,
    0.05246495455503464,
    0.12285701930522919,
    0.14551225304603577,
    0.07742903381586075,
    0.01837441697716713
  ],
  "soft_hist_gen_mass": [
    1.0179966920986772e-05,
    0.00042572099482640624,
    0.007815207354724407,
    0.06309396028518677,
    0.22478216886520386,
    0.35564273595809937,
    0.25268855690956116,
    0.08209138363599777,
    0.012501128017902374,
    0.000915664539206773,
    3.272265530540608e-05,
    5.668009066539526e-07
  ],
  "hard_hist_real": [
    0.0,
    0.0,
    0.046666666865348816,
    0.3499999940395355,
    0.5199999809265137,
    0.03333333507180214,
    0.0,
    0.0,
    0.009999999776482582,
    0.03999999910593033,
    0.0,
    0.0
  ],
  "hard_hist_gen": [
    0.0,
    0.0,
    0.0,
    0.0,
    0.0,
    0.949999988079071,
    0.05000000074505806,
    0.0,
    0.0,
    0.0,
    0.0,
    0.0
  ],
  "js_soft": 0.1553986817598343,
  "js_hard": 0.6203597187995911,
  "js_mass": 0.2050178349018097,
  "hub_share_real_top1pct": 0.09240362793207169,
  "hub_share_gen_top1pct": 0.01526542566716671
}