{
  "alpha_struct": 0.0,
  "seed": 4,
  "run_tag": "",
  "bin_edges": [
    0.0,
    0.5,
    1.0,
    1.5,
    2.0,
    2.5,
    3.0,
    3.5,
    4.0,
    4.5,
    5.0,
    5.5,
    6.0
  ],
  "soft_hist_real": [
    0.007261944003403187,
    0.037999656051397324,
    0.12948983907699585,
    0.26186689734458923,
    0.2897389829158783,
    0.16722330451011658,
    0.0499107725918293,
    0.012687720358371735,
    0.015132184140384197,
    0.017348632216453552,
    0.009176830761134624,
    0.0021632141433656216
  ],
  "soft_hist_gen": [
    1.0413493328087498e-05,
    0.00043549470137804747,
    0.007991602644324303,
    0.06442142277956009,
    0.22859470546245575,
    0.3583897650241852,
    0.24986965954303741,
    0.07830507308244705,
    0.0112094571813941,
    0.0007483002846129239,
    2.37647818721598e-05,
    3.6274647641221236e-07
  ],
  "soft_hist_real_mass": [
    0.0020164689049124718,
    0.014468041248619556,
    0.06235019490122795,
    0.14883176982402802,
    0.18671482801437378,
    0.12008482962846756,
    0.0459691546857357,
    0.05172063037753105,
    0.12305395305156708,
    0.14723728597164154,
    0.07880401611328125,
    0.018748879432678223
  ],
  "soft_hist_gen_mass": [
    1.0133539944945369e-05,
    0.00042449161992408335,
    0.007807508576661348,
    0.06315509229898453,
    0.2253539264202118,
    0.35661256313323975,
    0.25253021717071533,
    0.08115945756435394,
    0.012069329619407654,
    0.0008482612320221961,
    2.8595941330422647e-05,
    4.625471206054499e-07
  ],
  "hard_hist_real": [
    0.0,
    0.0033333334140479565,
    0.0533333346247673,
    0.31333333253860474,
    0.54666668176651,
    0.03333333507180214,
    0.0,
    0.0,
    0.006666666828095913,
    0.04333333298563957,
    0.0,
    0.0
  ],
  "hard_hist_gen": [
    0.0,
    0.0,
    0.0,
    0.0,
    0.0,
    0.949999988079071,
    0.05000000074505806,
    0.0,
    0.0,
    0.0,
    0.0,
    0.0
  ],
  "js_soft": 0.1569097340106964,
  "js_hard": 0.6203597187995911,
  "js_mass": 0.20730674266815186,
  "hub_share_real_top1pct": 0.09268707782030106,
  "hub_share_gen_top1pct": 0.014805050566792488
}