{
  "alpha_struct": 1.0,
  "seed": 3,
  "run_tag": "",
  "bin_edges": [
    0.0,
    0.5,
    1.0,
    1.5,
    2.0,
    2.5,
    3.0,
    3.5,
    4.0,
    4.5,
    5.0,
    5.5,
    6.0
  ],
  "soft_hist_real": [
    0.006225198041647673,
    0.03585309162735939,
    0.12827108800411224,
    0.26247990131378174,
    0.2917393147945404,
    0.16895301640033722,
    0.05014268308877945,
    0.012627038173377514,
    0.015238898806273937,
    0.017328718677163124,
    0.009040609933435917,
    0.0021005047019571066
  ],
  "soft_hist_gen": [
    0.00019785287440754473,
    0.0012295175110921264,
    0.00968367699533701,
    0.06613558530807495,
    0.22752176225185394,
    0.3539287745952606,
    0.2480398714542389,
    0.07996173202991486,
    0.012314965948462486,
    0.0009480681619606912,
    3.7415891711134464e-05,
    7.443377967319975e-07
  ],
  "soft_hist_real_mass": [
    0.001871850690804422,
    0.014261151663959026,
    0.06244055554270744,
    0.14965783059597015,
    0.18857279419898987,
    0.12109774351119995,
    0.04574626311659813,
    0.05199655890464783,
    0.12346480786800385,
    0.1458805650472641,
    0.07694995403289795,
    0.018059993162751198
  ],
  "soft_hist_gen_mass": [
    4.583566260407679e-05,
    0.0005897050141356885,
    0.008182773366570473,
    0.06300166249275208,
    0.22201544046401978,
    0.3513537645339966,
    0.2533032298088074,
    0.08590151369571686,
    0.01433210726827383,
    0.0012199297780171037,
    5.291235356708057e-05,
    1.1260261771894875e-06
  ],
  "hard_hist_real": [
    0.0,
    0.0033333334140479565,
    0.03333333507180214,
    0.3199999928474426,
    0.5600000023841858,
    0.03333333507180214,
    0.0,
    0.0,
    0.006666666828095913,
    0.04333333298563957,
    0.0,
    0.0
  ],
  "hard_hist_gen": [
    0.0,
    0.0,
    0.0033333334140479565,
    0.0,
    0.0033333334140479565,
    0.9433333277702332,
    0.05000000074505806,
    0.0,
    0.0,
    0.0,
    0.0,
    0.0
  ],
  "js_soft": 0.15006865561008453,
  "js_hard": 0.6046785116195679,
  "js_mass": 0.20204207301139832,
  "hub_share_real_top1pct": 0.09382086247205734,
  "hub_share_gen_top1pct": 0.016691779717803
}