{
  "alpha_struct": 1.0,
  "seed": 1,
  "run_tag": "",
  "bin_edges": [
    0.0,
    0.5,
    1.0,
    1.5,
    2.0,
    2.5,
    3.0,
    3.5,
    4.0,
    4.5,
    5.0,
    5.5,
    6.0
  ],
  "soft_hist_real": [
    0.006784317083656788,
    0.0372118279337883,
    0.12971408665180206,
    0.2631380558013916,
    0.2902301549911499,
    0.1668267399072647,
    0.04962190240621567,
    0.012622729875147343,
    0.015130884014070034,
    0.017368551343679428,
    0.009186125360429287,
    0.0021645701490342617
  ],
  "soft_hist_gen": [
    1.0980627848766744e-05,
    0.00045288525871001184,
    0.008198047056794167,
    0.06522416323423386,
    0.2287425845861435,
    0.35577335953712463,
    0.24850130081176758,
    0.07984261214733124,
    0.01227134931832552,
    0.0009445857140235603,
    3.732763070729561e-05,
    7.43693192362116e-07
  ],
  "soft_hist_real_mass": [
    0.0019601788371801376,
    0.01446511596441269,
    0.06269984692335129,
    0.1492832601070404,
    0.18652687966823578,
    0.11950897425413132,
    0.04567454010248184,
    0.0516512356698513,
    0.12317858636379242,
    0.147419273853302,
    0.07887047529220581,
    0.01876157522201538
  ],
  "soft_hist_gen_mass": [
    1.0532758096815087e-05,
    0.00043518777238205075,
    0.007897937670350075,
    0.06309904158115387,
    0.2229609340429306,
    0.3518363833427429,
    0.252751886844635,
    0.0854886919260025,
    0.01425132155418396,
    0.0012141844490543008,
    5.2746592700714245e-05,
    1.1237406170039321e-06
  ],
  "hard_hist_real": [
    0.0,
    0.0033333334140479565,
    0.0533333346247673,
    0.33000001311302185,
    0.5233333110809326,
    0.03999999910593033,
    0.0,
    0.0,
    0.0033333334140479565,
    0.046666666865348816,
    0.0,
    0.0
  ],
  "hard_hist_gen": [
    0.0,
    0.0,
    0.0,
    0.0,
    0.0,
    0.949999988079071,
    0.05000000074505806,
    0.0,
    0.0,
    0.0,
    0.0,
    0.0
  ],
  "js_soft": 0.15586215257644653,
  "js_hard": 0.6093802452087402,
  "js_mass": 0.20469453930854797,
  "hub_share_real_top1pct": 0.09353741258382797,
  "hub_share_gen_top1pct": 0.016601406037807465
}