{
  "alpha_struct": 2.0,
  "seed": 3,
  "run_tag": "",
  "bin_edges": [
    0.0,
    0.5,
    1.0,
    1.5,
    2.0,
    2.5,
    3.0,
    3.5,
    4.0,
    4.5,
    5.0,
    5.5,
    6.0
  ],
  "soft_hist_real": [
    0.006225198041647673,
    0.03585309162735939,
    0.12827108800411224,
    0.26247990131378174,
    0.2917393147945404,
    0.16895301640033722,
    0.05014268308877945,
    0.012627038173377514,
    0.015238898806273937,
    0.017328718677163124,
    0.009040609933435917,
    0.0021005047019571066
  ],
  "soft_hist_gen": [
    0.0004136066709179431,
    0.001691022189334035,
    0.009663073346018791,
    0.06348402053117752,
    0.22196760773658752,
    0.3522981107234955,
    0.2524010241031647,
    0.08359657973051071,
    0.013357145711779594,
    0.0010815203422680497,
    4.541115049505606e-05,
    9.647877732277266e-07
  ],
  "soft_hist_real_mass": [
    0.001871850690804422,
    0.014261151663959026,
    0.06244055554270744,
    0.14965783059597015,
    0.18857279419898987,
    0.12109774351119995,
    0.04574626311659813,
    0.05199655890464783,
    0.12346480786800385,
    0.1458805650472641,
    0.07694995403289795,
    0.018059993162751198
  ],
  "soft_hist_gen_mass": [
    6.854237290099263e-05,
    0.0006063655018806458,
    0.007720788940787315,
    0.06014541909098625,
    0.21616211533546448,
    0.34938040375709534,
    0.25818002223968506,
    0.0904541090130806,
    0.015789862722158432,
    0.00142484565731138,
    6.596340972464532e-05,
    1.4975922795201768e-06
  ],
  "hard_hist_real": [
    0.0,
    0.0033333334140479565,
    0.03333333507180214,
    0.3199999928474426,
    0.5600000023841858,
    0.03333333507180214,
    0.0,
    0.0,
    0.006666666828095913,
    0.04333333298563957,
    0.0,
    0.0
  ],
  "hard_hist_gen": [
    0.0,
    0.0,
    0.0033333334140479565,
    0.0033333334140479565,
    0.0,
    0.9399999976158142,
    0.0533333346247673,
    0.0,
    0.0,
    0.0,
    0.0,
    0.0
  ],
  "js_soft": 0.15250857174396515,
  "js_hard": 0.6056655049324036,
  "js_mass": 0.2027442753314972,
  "hub_share_real_top1pct": 0.09382086247205734,
  "hub_share_gen_top1pct": 0.016979042440652847
}