{
  "alpha_struct": 2.0,
  "seed": 2,
  "run_tag": "",
  "bin_edges": [
    0.0,
    0.5,
    1.0,
    1.5,
    2.0,
    2.5,
    3.0,
    3.5,
    4.0,
    4.5,
    5.0,
    5.5,
    6.0
  ],
  "soft_hist_real": [
    0.005617871414870024,
    0.03566940873861313,
    0.12953579425811768,
    0.26378101110458374,
    0.29088887572288513,
    0.16777685284614563,
    0.050186000764369965,
    0.012904683127999306,
    0.015241341665387154,
    0.0172351635992527,
    0.009041248820722103,
    0.002121811965480447
  ],
  "soft_hist_gen": [
    1.0306789590686094e-05,
    0.00042936851968988776,
    0.007855509407818317,
    0.06322119385004044,
    0.22454926371574402,
    0.3543895184993744,
    0.252076119184494,
    0.08307188004255295,
    0.013269197195768356,
    0.0010807719081640244,
    4.585707574733533e-05,
    9.852292350842617e-07
  ],
  "soft_hist_real_mass": [
    0.0018583298660814762,
    0.014423890970647335,
    0.06291963160037994,
    0.14960922300815582,
    0.18737228214740753,
    0.12063974887132645,
    0.0465393103659153,
    0.05246495455503464,
    0.12285701930522919,
    0.14551225304603577,
    0.07742903381586075,
    0.01837441697716713
  ],
  "soft_hist_gen_mass": [
    9.815677003643941e-06,
    0.0004097970959264785,
    0.007520567625761032,
    0.06082168594002724,
    0.217896968126297,
    0.3495955765247345,
    0.2567664682865143,
    0.08975348621606827,
    0.015724876895546913,
    0.0014321372145786881,
    6.705686973873526e-05,
    1.5381649518531049e-06
  ],
  "hard_hist_real": [
    0.0,
    0.0,
    0.046666666865348816,
    0.3499999940395355,
    0.5199999809265137,
    0.03333333507180214,
    0.0,
    0.0,
    0.009999999776482582,
    0.03999999910593033,
    0.0,
    0.0
  ],
  "hard_hist_gen": [
    0.0,
    0.0,
    0.0,
    0.0,
    0.0,
    0.9466666579246521,
    0.0533333346247673,
    0.0,
    0.0,
    0.0,
    0.0,
    0.0
  ],
  "js_soft": 0.15725737810134888,
  "js_hard": 0.6204173564910889,
  "js_mass": 0.2025550901889801,
  "hub_share_real_top1pct": 0.09240362793207169,
  "hub_share_gen_top1pct": 0.01699957810342312
}