{
  "alpha_struct": 0.5,
  "seed": 4,
  "run_tag": "",
  "bin_edges": [
    0.0,
    0.5,
    1.0,
    1.5,
    2.0,
    2.5,
    3.0,
    3.5,
    4.0,
    4.5,
    5.0,
    5.5,
    6.0
  ],
  "soft_hist_real": [
    0.007261944003403187,
    0.037999656051397324,
    0.12948983907699585,
    0.26186689734458923,
    0.2897389829158783,
    0.16722330451011658,
    0.0499107725918293,
    0.012687720358371735,
    0.015132184140384197,
    0.017348632216453552,
    0.009176830761134624,
    0.0021632141433656216
  ],
  "soft_hist_gen": [
    1.1780041859310586e-05,
    0.000478183152154088,
    0.008537493646144867,
    0.0670759528875351,
    0.23238827288150787,
    0.35682374238967896,
    0.245366632938385,
    0.07705488801002502,
    0.01140547264367342,
    0.0008269165409728885,
    3.013936657225713e-05,
    5.487301564244262e-07
  ],
  "soft_hist_real_mass": [
    0.0020164689049124718,
    0.014468041248619556,
    0.06235019490122795,
    0.14883176982402802,
    0.18671482801437378,
    0.12008482962846756,
    0.0459691546857357,
    0.05172063037753105,
    0.12305395305156708,
    0.14723728597164154,
    0.07880401611328125,
    0.018748879432678223
  ],
  "soft_hist_gen_mass": [
    1.131530552811455e-05,
    0.0004608352028299123,
    0.00825622770935297,
    0.06516100466251373,
    0.22740082442760468,
    0.35376185178756714,
    0.24923183023929596,
    0.08170938491821289,
    0.012941360473632812,
    0.0010238498216494918,
    4.072075535077602e-05,
    7.932279117994767e-07
  ],
  "hard_hist_real": [
    0.0,
    0.0033333334140479565,
    0.0533333346247673,
    0.31333333253860474,
    0.54666668176651,
    0.03333333507180214,
    0.0,
    0.0,
    0.006666666828095913,
    0.04333333298563957,
    0.0,
    0.0
  ],
  "hard_hist_gen": [
    0.0,
    0.0,
    0.0,
    0.0,
    0.0,
    0.949999988079071,
    0.05000000074505806,
    0.0,
    0.0,
    0.0,
    0.0,
    0.0
  ],
  "js_soft": 0.15294936299324036,
  "js_hard": 0.6203597187995911,
  "js_mass": 0.2039584517478943,
  "hub_share_real_top1pct": 0.09268707782030106,
  "hub_share_gen_top1pct": 0.01610560528934002
}