{
  "alpha_struct": 5.0,
  "seed": 1,
  "run_tag": "",
  "bin_edges": [
    0.0,
    0.5,
    1.0,
    1.5,
    2.0,
    2.5,
    3.0,
    3.5,
    4.0,
    4.5,
    5.0,
    5.5,
    6.0
  ],
  "soft_hist_real": [
    0.006784317083656788,
    0.0372118279337883,
    0.12971408665180206,
    0.2631380558013916,
    0.2902301549911499,
    0.1668267399072647,
    0.04962190240621567,
    0.012622729875147343,
    0.015130884014070034,
    0.017368551343679428,
    0.009186125360429287,
    0.0021645701490342617
  ],
  "soft_hist_gen": [
    7.899681077105924e-05,
    0.0007937561022117734,
    0.008273323066532612,
    0.060649048537015915,
    0.21683256328105927,
    0.35078564286231995,
    0.25778064131736755,
    0.08855035901069641,
    0.01490489486604929,
    0.0012910692021250725,
    5.8399327826919034e-05,
    1.3331252830539597e-06
  ],
  "soft_hist_real_mass": [
    0.0019601788371801376,
    0.01446511596441269,
    0.06269984692335129,
    0.1492832601070404,
    0.18652687966823578,
    0.11950897425413132,
    0.04567454010248184,
    0.0516512356698513,
    0.12317858636379242,
    0.147419273853302,
    0.07887047529220581,
    0.01876157522201538
  ],
  "soft_hist_gen_mass": [
    2.533493170631118e-05,
    0.00046445723273791373,
    0.007126585580408573,
    0.057154636830091476,
    0.20914801955223083,
    0.345746785402298,
    0.26376402378082275,
    0.09675908833742142,
    0.017976868897676468,
    0.0017451820895075798,
    8.694638381712139e-05,
    2.113162736350205e-06
  ],
  "hard_hist_real": [
    0.0,
    0.0033333334140479565,
    0.0533333346247673,
    0.33000001311302185,
    0.5233333110809326,
    0.03999999910593033,
    0.0,
    0.0,
    0.0033333334140479565,
    0.046666666865348816,
    0.0,
    0.0
  ],
  "hard_hist_gen": [
    0.0,
    0.0,
    0.0,
    0.0033333334140479565,
    0.0,
    0.9233333468437195,
    0.07333333045244217,
    0.0,
    0.0,
    0.0,
    0.0,
    0.0
  ],
  "js_soft": 0.1616041660308838,
  "js_hard": 0.6006042957305908,
  "js_mass": 0.20557457208633423,
  "hub_share_real_top1pct": 0.09353741258382797,
  "hub_share_gen_top1pct": 0.017196355387568474
}