{
  "alpha_struct": 10.0,
  "seed": 5,
  "run_tag": "",
  "bin_edges": [
    0.0,
    0.5,
    1.0,
    1.5,
    2.0,
    2.5,
    3.0,
    3.5,
    4.0,
    4.5,
    5.0,
    5.5,
    6.0
  ],
  "soft_hist_real": [
    0.007304979953914881,
    0.03844282031059265,
    0.1305759698152542,
    0.2621959149837494,
    0.2890004813671112,
    0.16659767925739288,
    0.04948832467198372,
    0.012449071742594242,
    0.015058208256959915,
    0.017432397231459618,
    0.009264803491532803,
    0.0021892907097935677
  ],
  "soft_hist_gen": [
    5.624413097393699e-05,
    0.0007217386737465858,
    0.00825659092515707,
    0.0603535994887352,
    0.21482522785663605,
    0.34898385405540466,
    0.25932085514068604,
    0.09054801613092422,
    0.015511338599026203,
    0.0013594938209280372,
    6.158126780064777e-05,
    1.396876768922084e-06
  ],
  "soft_hist_real_mass": [
    0.0020399955101311207,
    0.014619605615735054,
    0.06254785507917404,
    0.1485380232334137,
    0.18609659373760223,
    0.11937624961137772,
    0.04521984979510307,
    0.05114450678229332,
    0.12329333275556564,
    0.14843565225601196,
    0.07969456166028976,
    0.01899377629160881
  ],
  "soft_hist_gen_mass": [
    2.1534082407015376e-05,
    0.0004568662552628666,
    0.007067750673741102,
    0.056261759251356125,
    0.2061445713043213,
    0.3437987267971039,
    0.2661794424057007,
    0.09940499812364578,
    0.018742363899946213,
    0.001829057582654059,
    9.074645640794188e-05,
    2.1870896489417646e-06
  ],
  "hard_hist_real": [
    0.0,
    0.0033333334140479565,
    0.05000000074505806,
    0.33000001311302185,
    0.550000011920929,
    0.01666666753590107,
    0.0,
    0.0,
    0.006666666828095913,
    0.04333333298563957,
    0.0,
    0.0
  ],
  "hard_hist_gen": [
    0.0,
    0.0,
    0.0,
    0.0033333334140479565,
    0.0033333334140479565,
    0.9066666960716248,
    0.08666666597127914,
    0.0,
    0.0,
    0.0,
    0.0,
    0.0
  ],
  "js_soft": 0.16355624794960022,
  "js_hard": 0.6319195032119751,
  "js_mass": 0.2068299651145935,
  "hub_share_real_top1pct": 0.09353741258382797,
  "hub_share_gen_top1pct": 0.01706722378730774
}