{
  "alpha_struct": 0.5,
  "seed": 3,
  "run_tag": "",
  "bin_edges": [
    0.0,
    0.5,
    1.0,
    1.5,
    2.0,
    2.5,
    3.0,
    3.5,
    4.0,
    4.5,
    5.0,
    5.5,
    6.0
  ],
  "soft_hist_real": [
    0.006225198041647673,
    0.03585309162735939,
    0.12827108800411224,
    0.26247990131378174,
    0.2917393147945404,
    0.16895301640033722,
    0.05014268308877945,
    0.012627038173377514,
    0.015238898806273937,
    0.017328718677163124,
    0.009040609933435917,
    0.0021005047019571066
  ],
  "soft_hist_gen": [
    1.815647010516841e-05,
    0.0005344374803826213,
    0.00856583658605814,
    0.06577964872121811,
    0.2289005070924759,
    0.3558432459831238,
    0.24831551313400269,
    0.07920916378498077,
    0.011920214630663395,
    0.0008799217757768929,
    3.270706656621769e-05,
    6.079973218220402e-07
  ],
  "soft_hist_real_mass": [
    0.001871850690804422,
    0.014261151663959026,
    0.06244055554270744,
    0.14965783059597015,
    0.18857279419898987,
    0.12109774351119995,
    0.04574626311659813,
    0.05199655890464783,
    0.12346480786800385,
    0.1458805650472641,
    0.07694995403289795,
    0.018059993162751198
  ],
  "soft_hist_gen_mass": [
    1.3502461115422193e-05,
    0.00046816273243166506,
    0.008045941591262817,
    0.06341817229986191,
    0.22370511293411255,
    0.3529852330684662,
    0.25252729654312134,
    0.08413831144571304,
    0.013559623621404171,
    0.0010933405719697475,
    4.438155883690342e-05,
    8.829862281345413e-07
  ],
  "hard_hist_real": [
    0.0,
    0.0033333334140479565,
    0.03333333507180214,
    0.3199999928474426,
    0.5600000023841858,
    0.03333333507180214,
    0.0,
    0.0,
    0.006666666828095913,
    0.04333333298563957,
    0.0,
    0.0
  ],
  "hard_hist_gen": [
    0.0,
    0.0,
    0.0,
    0.0,
    0.0033333334140479565,
    0.9466666579246521,
    0.05000000074505806,
    0.0,
    0.0,
    0.0,
    0.0,
    0.0
  ],
  "js_soft": 0.15292149782180786,
  "js_hard": 0.6102057695388794,
  "js_mass": 0.20315705239772797,
  "hub_share_real_top1pct": 0.09382086247205734,
  "hub_share_gen_top1pct": 0.01622924581170082
}