{
  "alpha_struct": 5.0,
  "seed": 3,
  "run_tag": "",
  "bin_edges": [
    0.0,
    0.5,
    1.0,
    1.5,
    2.0,
    2.5,
    3.0,
    3.5,
    4.0,
    4.5,
    5.0,
    5.5,
    6.0
  ],
  "soft_hist_real": [
    0.006225198041647673,
    0.03585309162735939,
    0.12827108800411224,
    0.26247990131378174,
    0.2917393147945404,
    0.16895301640033722,
    0.05014268308877945,
    0.012627038173377514,
    0.015238898806273937,
    0.017328718677163124,
    0.009040609933435917,
    0.0021005047019571066
  ],
  "soft_hist_gen": [
    4.3068474042229354e-05,
    0.0006425442988984287,
    0.008055019192397594,
    0.060477033257484436,
    0.21644438803195953,
    0.3507598638534546,
    0.2584502696990967,
    0.08889146894216537,
    0.014903242699801922,
    0.0012752619804814458,
    5.661535033141263e-05,
    1.26698046187812e-06
  ],
  "soft_hist_real_mass": [
    0.001871850690804422,
    0.014261151663959026,
    0.06244055554270744,
    0.14965783059597015,
    0.18857279419898987,
    0.12109774351119995,
    0.04574626311659813,
    0.05199655890464783,
    0.12346480786800385,
    0.1458805650472641,
    0.07694995403289795,
    0.018059993162751198
  ],
  "soft_hist_gen_mass": [
    1.8450236893841065e-05,
    0.00043975311564281583,
    0.007086899131536484,
    0.05696963891386986,
    0.20869706571102142,
    0.3458789885044098,
    0.2644355595111847,
    0.09685434401035309,
    0.017832009121775627,
    0.0017021466046571732,
    8.312083809869364e-05,
    1.9830292785627535e-06
  ],
  "hard_hist_real": [
    0.0,
    0.0033333334140479565,
    0.03333333507180214,
    0.3199999928474426,
    0.5600000023841858,
    0.03333333507180214,
    0.0,
    0.0,
    0.006666666828095913,
    0.04333333298563957,
    0.0,
    0.0
  ],
  "hard_hist_gen": [
    0.0,
    0.0,
    0.0,
    0.0033333334140479565,
    0.0,
    0.9333333373069763,
    0.06333333253860474,
    0.0,
    0.0,
    0.0,
    0.0,
    0.0
  ],
  "js_soft": 0.16054990887641907,
  "js_hard": 0.6113669872283936,
  "js_mass": 0.20396274328231812,
  "hub_share_real_top1pct": 0.09382086247205734,
  "hub_share_gen_top1pct": 0.01706310175359249
}