{
  "alpha_struct": 2.0,
  "seed": 4,
  "run_tag": "",
  "bin_edges": [
    0.0,
    0.5,
    1.0,
    1.5,
    2.0,
    2.5,
    3.0,
    3.5,
    4.0,
    4.5,
    5.0,
    5.5,
    6.0
  ],
  "soft_hist_real": [
    0.007261944003403187,
    0.037999656051397324,
    0.12948983907699585,
    0.26186689734458923,
    0.2897389829158783,
    0.16722330451011658,
    0.0499107725918293,
    0.012687720358371735,
    0.015132184140384197,
    0.017348632216453552,
    0.009176830761134624,
    0.0021632141433656216
  ],
  "soft_hist_gen": [
    1.1912479749298654e-05,
    0.0004622025298886001,
    0.008151089772582054,
    0.06433387845754623,
    0.22597704827785492,
    0.35411882400512695,
    0.25056886672973633,
    0.08220300078392029,
    0.013069134205579758,
    0.001058500725775957,
    4.460491254576482e-05,
    9.510337690699089e-07
  ],
  "soft_hist_real_mass": [
    0.0020164689049124718,
    0.014468041248619556,
    0.06235019490122795,
    0.14883176982402802,
    0.18671482801437378,
    0.12008482962846756,
    0.0459691546857357,
    0.05172063037753105,
    0.12305395305156708,
    0.14723728597164154,
    0.07880401611328125,
    0.018748879432678223
  ],
  "soft_hist_gen_mass": [
    1.0817572729138192e-05,
    0.0004313156532589346,
    0.007727255113422871,
    0.06166670843958855,
    0.21913078427314758,
    0.34957391023635864,
    0.2555594742298126,
    0.08893042802810669,
    0.015500014647841454,
    0.001402630703523755,
    6.51898153591901e-05,
    1.4837257822364336e-06
  ],
  "hard_hist_real": [
    0.0,
    0.0033333334140479565,
    0.0533333346247673,
    0.31333333253860474,
    0.54666668176651,
    0.03333333507180214,
    0.0,
    0.0,
    0.006666666828095913,
    0.04333333298563957,
    0.0,
    0.0
  ],
  "hard_hist_gen": [
    0.0,
    0.0,
    0.0,
    0.0,
    0.0033333334140479565,
    0.9433333277702332,
    0.0533333346247673,
    0.0,
    0.0,
    0.0,
    0.0,
    0.0
  ],
  "js_soft": 0.1569569706916809,
  "js_hard": 0.610303521156311,
  "js_mass": 0.20367881655693054,
  "hub_share_real_top1pct": 0.09268707782030106,
  "hub_share_gen_top1pct": 0.0169792752712965
}