{
  "alpha_struct": 1.0,
  "seed": 4,
  "run_tag": "",
  "bin_edges": [
    0.0,
    0.5,
    1.0,
    1.5,
    2.0,
    2.5,
    3.0,
    3.5,
    4.0,
    4.5,
    5.0,
    5.5,
    6.0
  ],
  "soft_hist_real": [
    0.007261944003403187,
    0.037999656051397324,
    0.12948983907699585,
    0.26186689734458923,
    0.2897389829158783,
    0.16722330451011658,
    0.0499107725918293,
    0.012687720358371735,
    0.015132184140384197,
    0.017348632216453552,
    0.009176830761134624,
    0.0021632141433656216
  ],
  "soft_hist_gen": [
    1.1728501704055816e-05,
    0.00047189375618472695,
    0.008406809531152248,
    0.06615888327360153,
    0.23014865815639496,
    0.35562682151794434,
    0.24703718721866608,
    0.07903909683227539,
    0.012125851586461067,
    0.0009351519984193146,
    3.715530692716129e-05,
    7.453759280906525e-07
  ],
  "soft_hist_real_mass": [
    0.0020164689049124718,
    0.014468041248619556,
    0.06235019490122795,
    0.14883176982402802,
    0.18671482801437378,
    0.12008482962846756,
    0.0459691546857357,
    0.05172063037753105,
    0.12305395305156708,
    0.14723728597164154,
    0.07880401611328125,
    0.018748879432678223
  ],
  "soft_hist_gen_mass": [
    1.1096896741946694e-05,
    0.00045010095345787704,
    0.008068394847214222,
    0.06389062106609344,
    0.22418703138828278,
    0.35170918703079224,
    0.25146323442459106,
    0.08481107652187347,
    0.01414478663355112,
    0.0012103058397769928,
    5.29278077010531e-05,
    1.1352502724548685e-06
  ],
  "hard_hist_real": [
    0.0,
    0.0033333334140479565,
    0.0533333346247673,
    0.31333333253860474,
    0.54666668176651,
    0.03333333507180214,
    0.0,
    0.0,
    0.006666666828095913,
    0.04333333298563957,
    0.0,
    0.0
  ],
  "hard_hist_gen": [
    0.0,
    0.0,
    0.0,
    0.0,
    0.0033333334140479565,
    0.9466666579246521,
    0.05000000074505806,
    0.0,
    0.0,
    0.0,
    0.0,
    0.0
  ],
  "js_soft": 0.15423113107681274,
  "js_hard": 0.6102458238601685,
  "js_mass": 0.20337773859500885,
  "hub_share_real_top1pct": 0.09268707782030106,
  "hub_share_gen_top1pct": 0.016692403703927994
}