{
  "alpha_struct": 0.1,
  "seed": 3,
  "run_tag": "",
  "bin_edges": [
    0.0,
    0.5,
    1.0,
    1.5,
    2.0,
    2.5,
    3.0,
    3.5,
    4.0,
    4.5,
    5.0,
    5.5,
    6.0
  ],
  "soft_hist_real": [
    0.006225198041647673,
    0.03585309162735939,
    0.12827108800411224,
    0.26247990131378174,
    0.2917393147945404,
    0.16895301640033722,
    0.05014268308877945,
    0.012627038173377514,
    0.015238898806273937,
    0.017328718677163124,
    0.009040609933435917,
    0.0021005047019571066
  ],
  "soft_hist_gen": [
    1.0802537872223184e-05,
    0.0004418402095325291,
    0.008016183041036129,
    0.06428491324186325,
    0.22776944935321808,
    0.35752907395362854,
    0.2503533363342285,
    0.07921279966831207,
    0.01155666634440422,
    0.0007978453650139272,
    2.6670508304960094e-05,
    4.348330548964441e-07
  ],
  "soft_hist_real_mass": [
    0.001871850690804422,
    0.014261151663959026,
    0.06244055554270744,
    0.14965783059597015,
    0.18857279419898987,
    0.12109774351119995,
    0.04574626311659813,
    0.05199655890464783,
    0.12346480786800385,
    0.1458805650472641,
    0.07694995403289795,
    0.018059993162751198
  ],
  "soft_hist_gen_mass": [
    1.030928069667425e-05,
    0.00042564881732687354,
    0.007774482946842909,
    0.06272489577531815,
    0.22388294339179993,
    0.3553738594055176,
    0.2535002827644348,
    0.0827002003788948,
    0.012644102796912193,
    0.0009293719194829464,
    3.331097832415253e-05,
    5.785421421933279e-07
  ],
  "hard_hist_real": [
    0.0,
    0.0033333334140479565,
    0.03333333507180214,
    0.3199999928474426,
    0.5600000023841858,
    0.03333333507180214,
    0.0,
    0.0,
    0.006666666828095913,
    0.04333333298563957,
    0.0,
    0.0
  ],
  "hard_hist_gen": [
    0.0,
    0.0,
    0.0,
    0.0,
    0.0033333334140479565,
    0.9466666579246521,
    0.05000000074505806,
    0.0,
    0.0,
    0.0,
    0.0,
    0.0
  ],
  "js_soft": 0.15536892414093018,
  "js_hard": 0.6102057695388794,
  "js_mass": 0.2053443193435669,
  "hub_share_real_top1pct": 0.09382086247205734,
  "hub_share_gen_top1pct": 0.015255575999617577
}