{
  "alpha_struct": 0.1,
  "seed": 5,
  "run_tag": "",
  "bin_edges": [
    0.0,
    0.5,
    1.0,
    1.5,
    2.0,
    2.5,
    3.0,
    3.5,
    4.0,
    4.5,
    5.0,
    5.5,
    6.0
  ],
  "soft_hist_real": [
    0.007304979953914881,
    0.03844282031059265,
    0.1305759698152542,
    0.2621959149837494,
    0.2890004813671112,
    0.16659767925739288,
    0.04948832467198372,
    0.012449071742594242,
    0.015058208256959915,
    0.017432397231459618,
    0.009264803491532803,
    0.0021892907097935677
  ],
  "soft_hist_gen": [
    1.1031118447135668e-05,
    0.000456047710031271,
    0.008270986378192902,
    0.06588532030582428,
    0.23104210197925568,
    0.3581683039665222,
    0.24731315672397614,
    0.07704108208417892,
    0.011040997691452503,
    0.0007462739013135433,
    2.4328046492883004e-05,
    3.8557493553526e-07
  ],
  "soft_hist_real_mass": [
    0.0020399955101311207,
    0.014619605615735054,
    0.06254785507917404,
    0.1485380232334137,
    0.18609659373760223,
    0.11937624961137772,
    0.04521984979510307,
    0.05114450678229332,
    0.12329333275556564,
    0.14843565225601196,
    0.07969456166028976,
    0.01899377629160881
  ],
  "soft_hist_gen_mass": [
    1.0717609256971627e-05,
    0.0004437473835423589,
    0.008065440692007542,
    0.06447075307369232,
    0.22740653157234192,
    0.3561299741268158,
    0.2502678632736206,
    0.08027774840593338,
    0.012032823637127876,
    0.0008637721766717732,
    3.0126724595902488e-05,
    5.080943878965627e-07
  ],
  "hard_hist_real": [
    0.0,
    0.0033333334140479565,
    0.05000000074505806,
    0.33000001311302185,
    0.550000011920929,
    0.01666666753590107,
    0.0,
    0.0,
    0.006666666828095913,
    0.04333333298563957,
    0.0,
    0.0
  ],
  "hard_hist_gen": [
    0.0,
    0.0,
    0.0,
    0.0,
    0.0,
    0.949999988079071,
    0.05000000074505806,
    0.0,
    0.0,
    0.0,
    0.0,
    0.0
  ],
  "js_soft": 0.15586604177951813,
  "js_hard": 0.6510490775108337,
  "js_mass": 0.20778760313987732,
  "hub_share_real_top1pct": 0.09353741258382797,
  "hub_share_gen_top1pct": 0.015138641931116581
}