{
  "alpha_struct": 5.0,
  "seed": 5,
  "run_tag": "",
  "bin_edges": [
    0.0,
    0.5,
    1.0,
    1.5,
    2.0,
    2.5,
    3.0,
    3.5,
    4.0,
    4.5,
    5.0,
    5.5,
    6.0
  ],
  "soft_hist_real": [
    0.007304979953914881,
    0.03844282031059265,
    0.1305759698152542,
    0.2621959149837494,
    0.2890004813671112,
    0.16659767925739288,
    0.04948832467198372,
    0.012449071742594242,
    0.015058208256959915,
    0.017432397231459618,
    0.009264803491532803,
    0.0021892907097935677
  ],
  "soft_hist_gen": [
    7.414827268803492e-05,
    0.000794543360825628,
    0.008406849578022957,
    0.060976848006248474,
    0.21668829023838043,
    0.35012033581733704,
    0.25770920515060425,
    0.08884001523256302,
    0.015022559091448784,
    0.0013066635001450777,
    5.924079232499935e-05,
    1.3529803482015268e-06
  ],
  "soft_hist_real_mass": [
    0.0020399955101311207,
    0.014619605615735054,
    0.06254785507917404,
    0.1485380232334137,
    0.18609659373760223,
    0.11937624961137772,
    0.04521984979510307,
    0.05114450678229332,
    0.12329333275556564,
    0.14843565225601196,
    0.07969456166028976,
    0.01899377629160881
  ],
  "soft_hist_gen_mass": [
    2.497075911378488e-05,
    0.00047276471741497517,
    0.00718684634193778,
    0.0571601465344429,
    0.2086212933063507,
    0.34514138102531433,
    0.2640778422355652,
    0.09729751944541931,
    0.0181586816906929,
    0.0017682217294350266,
    8.81865926203318e-05,
    2.1428841137094423e-06
  ],
  "hard_hist_real": [
    0.0,
    0.0033333334140479565,
    0.05000000074505806,
    0.33000001311302185,
    0.550000011920929,
    0.01666666753590107,
    0.0,
    0.0,
    0.006666666828095913,
    0.04333333298563957,
    0.0,
    0.0
  ],
  "hard_hist_gen": [
    0.0,
    0.0,
    0.0,
    0.0033333334140479565,
    0.0033333334140479565,
    0.9166666865348816,
    0.07666666805744171,
    0.0,
    0.0,
    0.0,
    0.0,
    0.0
  ],
  "js_soft": 0.16212047636508942,
  "js_hard": 0.6318289041519165,
  "js_mass": 0.20643344521522522,
  "hub_share_real_top1pct": 0.09353741258382797,
  "hub_share_gen_top1pct": 0.01720195822417736
}