{
  "alpha_struct": 0.5,
  "seed": 2,
  "run_tag": "",
  "bin_edges": [
    0.0,
    0.5,
    1.0,
    1.5,
    2.0,
    2.5,
    3.0,
    3.5,
    4.0,
    4.5,
    5.0,
    5.5,
    6.0
  ],
  "soft_hist_real": [
    0.005617871414870024,
    0.03566940873861313,
    0.12953579425811768,
    0.26378101110458374,
    0.29088887572288513,
    0.16777685284614563,
    0.050186000764369965,
    0.012904683127999306,
    0.015241341665387154,
    0.0172351635992527,
    0.009041248820722103,
    0.002121811965480447
  ],
  "soft_hist_gen": [
    1.0991887393174693e-05,
    0.0004539380897767842,
    0.008225388824939728,
    0.06548074632883072,
    0.2296256721019745,
    0.3566485643386841,
    0.2480226755142212,
    0.07880698144435883,
    0.011821038089692593,
    0.0008710578549653292,
    3.2374358852393925e-05,
    6.022956995366258e-07
  ],
  "soft_hist_real_mass": [
    0.0018583298660814762,
    0.014423890970647335,
    0.06291963160037994,
    0.14960922300815582,
    0.18737228214740753,
    0.12063974887132645,
    0.0465393103659153,
    0.05246495455503464,
    0.12285701930522919,
    0.14551225304603577,
    0.07742903381586075,
    0.01837441697716713
  ],
  "soft_hist_gen_mass": [
    1.0596771971904673e-05,
    0.00043832414667122066,
    0.007960929535329342,
    0.06361594796180725,
    0.2246086150407791,
    0.3533751964569092,
    0.2518211603164673,
    0.08360037952661514,
    0.01344094704836607,
    0.001083065872080624,
    4.399123281473294e-05,
    8.759649290368543e-07
  ],
  "hard_hist_real": [
    0.0,
    0.0,
    0.046666666865348816,
    0.3499999940395355,
    0.5199999809265137,
    0.03333333507180214,
    0.0,
    0.0,
    0.009999999776482582,
    0.03999999910593033,
    0.0,
    0.0
  ],
  "hard_hist_gen": [
    0.0,
    0.0,
    0.0,
    0.0,
    0.0,
    0.949999988079071,
    0.05000000074505806,
    0.0,
    0.0,
    0.0,
    0.0,
    0.0
  ],
  "js_soft": 0.1539134681224823,
  "js_hard": 0.6203597187995911,
  "js_mass": 0.20304036140441895,
  "hub_share_real_top1pct": 0.09240362793207169,
  "hub_share_gen_top1pct": 0.0161870326846838
}