{
  "alpha_struct": 5.0,
  "seed": 4,
  "run_tag": "",
  "bin_edges": [
    0.0,
    0.5,
    1.0,
    1.5,
    2.0,
    2.5,
    3.0,
    3.5,
    4.0,
    4.5,
    5.0,
    5.5,
    6.0
  ],
  "soft_hist_real": [
    0.007261944003403187,
    0.037999656051397324,
    0.12948983907699585,
    0.26186689734458923,
    0.2897389829158783,
    0.16722330451011658,
    0.0499107725918293,
    0.012687720358371735,
    0.015132184140384197,
    0.017348632216453552,
    0.009176830761134624,
    0.0021632141433656216
  ],
  "soft_hist_gen": [
    0.0003186767571605742,
    0.0018051734659820795,
    0.0105057368054986,
    0.06370588392019272,
    0.219061940908432,
    0.3491169214248657,
    0.25365114212036133,
    0.08620407432317734,
    0.014348166063427925,
    0.0012264448450878263,
    5.458447412820533e-05,
    1.2235100257385056e-06
  ],
  "soft_hist_real_mass": [
    0.0020164689049124718,
    0.014468041248619556,
    0.06235019490122795,
    0.14883176982402802,
    0.18671482801437378,
    0.12008482962846756,
    0.0459691546857357,
    0.05172063037753105,
    0.12305395305156708,
    0.14723728597164154,
    0.07880401611328125,
    0.018748879432678223
  ],
  "soft_hist_gen_mass": [
    6.994245632085949e-05,
    0.000681361008901149,
    0.007810977753251791,
    0.05893039330840111,
    0.21174108982086182,
    0.3458768427371979,
    0.2610335350036621,
    0.09472621232271194,
    0.017383992671966553,
    0.0016623253468424082,
    8.137026452459395e-05,
    1.9409019387239823e-06
  ],
  "hard_hist_real": [
    0.0,
    0.0033333334140479565,
    0.0533333346247673,
    0.31333333253860474,
    0.54666668176651,
    0.03333333507180214,
    0.0,
    0.0,
    0.006666666828095913,
    0.04333333298563957,
    0.0,
    0.0
  ],
  "hard_hist_gen": [
    0.0,
    0.0,
    0.0033333334140479565,
    0.006666666828095913,
    0.0,
    0.9100000262260437,
    0.07999999821186066,
    0.0,
    0.0,
    0.0,
    0.0,
    0.0
  ],
  "js_soft": 0.15380693972110748,
  "js_hard": 0.5985231399536133,
  "js_mass": 0.203199565410614,
  "hub_share_real_top1pct": 0.09268707782030106,
  "hub_share_gen_top1pct": 0.017216190695762634
}