{
  "alpha_struct": 0.5,
  "seed": 1,
  "run_tag": "",
  "bin_edges": [
    0.0,
    0.5,
    1.0,
    1.5,
    2.0,
    2.5,
    3.0,
    3.5,
    4.0,
    4.5,
    5.0,
    5.5,
    6.0
  ],
  "soft_hist_real": [
    0.006784317083656788,
    0.0372118279337883,
    0.12971408665180206,
    0.2631380558013916,
    0.2902301549911499,
    0.1668267399072647,
    0.04962190240621567,
    0.012622729875147343,
    0.015130884014070034,
    0.017368551343679428,
    0.009186125360429287,
    0.0021645701490342617
  ],
  "soft_hist_gen": [
    1.1424374861235265e-05,
    0.00046817795373499393,
    0.008418808691203594,
    0.06651663780212402,
    0.23152992129325867,
    0.3569425940513611,
    0.2462778389453888,
    0.0775078535079956,
    0.011468475684523582,
    0.0008278063614852726,
    2.990605207742192e-05,
    5.38270398919849e-07
  ],
  "soft_hist_real_mass": [
    0.0019601788371801376,
    0.01446511596441269,
    0.06269984692335129,
    0.1492832601070404,
    0.18652687966823578,
    0.11950897425413132,
    0.04567454010248184,
    0.0516512356698513,
    0.12317858636379242,
    0.147419273853302,
    0.07887047529220581,
    0.01876157522201538
  ],
  "soft_hist_gen_mass": [
    1.1021968930435833e-05,
    0.00045242824126034975,
    0.00815499946475029,
    0.06468167901039124,
    0.22668671607971191,
    0.3539363741874695,
    0.2500300705432892,
    0.08203232288360596,
    0.012956076301634312,
    0.0010175103088840842,
    4.0033435652730986e-05,
    7.706441920163343e-07
  ],
  "hard_hist_real": [
    0.0,
    0.0033333334140479565,
    0.0533333346247673,
    0.33000001311302185,
    0.5233333110809326,
    0.03999999910593033,
    0.0,
    0.0,
    0.0033333334140479565,
    0.046666666865348816,
    0.0,
    0.0
  ],
  "hard_hist_gen": [
    0.0,
    0.0,
    0.0,
    0.0,
    0.0,
    0.949999988079071,
    0.05000000074505806,
    0.0,
    0.0,
    0.0,
    0.0,
    0.0
  ],
  "js_soft": 0.1540212482213974,
  "js_hard": 0.6093802452087402,
  "js_mass": 0.20508062839508057,
  "hub_share_real_top1pct": 0.09353741258382797,
  "hub_share_gen_top1pct": 0.016003157943487167
}