{
  "alpha_struct": 0.0,
  "seed": 5,
  "run_tag": "",
  "bin_edges": [
    0.0,
    0.5,
    1.0,
    1.5,
    2.0,
    2.5,
    3.0,
    3.5,
    4.0,
    4.5,
    5.0,
    5.5,
    6.0
  ],
  "soft_hist_real": [
    0.007304979953914881,
    0.03844282031059265,
    0.1305759698152542,
    0.2621959149837494,
    0.2890004813671112,
    0.16659767925739288,
    0.04948832467198372,
    0.012449071742594242,
    0.015058208256959915,
    0.017432397231459618,
    0.009264803491532803,
    0.0021892907097935677
  ],
  "soft_hist_gen": [
    1.0624665264913347e-05,
    0.0004428325919434428,
    0.008096575736999512,
    0.06501331180334091,
    0.22974304854869843,
    0.35860195755958557,
    0.24879994988441467,
    0.07752326875925064,
    0.01101686991751194,
    0.0007283255108632147,
    2.283722278662026e-05,
    3.4323079489695374e-07
  ],
  "soft_hist_real_mass": [
    0.0020399955101311207,
    0.014619605615735054,
    0.06254785507917404,
    0.1485380232334137,
    0.18609659373760223,
    0.11937624961137772,
    0.04521984979510307,
    0.05114450678229332,
    0.12329333275556564,
    0.14843565225601196,
    0.07969456166028976,
    0.01899377629160881
  ],
  "soft_hist_gen_mass": [
    1.0351469427405391e-05,
    0.00043207837734371424,
    0.007916739210486412,
    0.06377977132797241,
    0.2266056090593338,
    0.35691866278648376,
    0.2513946294784546,
    0.08026058226823807,
    0.011831812560558319,
    0.0008219581795856357,
    2.730797314143274e-05,
    4.344383057741652e-07
  ],
  "hard_hist_real": [
    0.0,
    0.0033333334140479565,
    0.05000000074505806,
    0.33000001311302185,
    0.550000011920929,
    0.01666666753590107,
    0.0,
    0.0,
    0.006666666828095913,
    0.04333333298563957,
    0.0,
    0.0
  ],
  "hard_hist_gen": [
    0.0,
    0.0,
    0.0,
    0.0,
    0.0,
    0.949999988079071,
    0.05000000074505806,
    0.0,
    0.0,
    0.0,
    0.0,
    0.0
  ],
  "js_soft": 0.15716366469860077,
  "js_hard": 0.6510490775108337,
  "js_mass": 0.2087857723236084,
  "hub_share_real_top1pct": 0.09353741258382797,
  "hub_share_gen_top1pct": 0.01471691858023405
}