{
  "alpha_struct": 10.0,
  "seed": 2,
  "run_tag": "",
  "bin_edges": [
    0.0,
    0.5,
    1.0,
    1.5,
    2.0,
    2.5,
    3.0,
    3.5,
    4.0,
    4.5,
    5.0,
    5.5,
    6.0
  ],
  "soft_hist_real": [
    0.005617871414870024,
    0.03566940873861313,
    0.12953579425811768,
    0.26378101110458374,
    0.29088887572288513,
    0.16777685284614563,
    0.050186000764369965,
    0.012904683127999306,
    0.015241341665387154,
    0.0172351635992527,
    0.009041248820722103,
    0.002121811965480447
  ],
  "soft_hist_gen": [
    0.00014299382746685296,
    0.001269127824343741,
    0.009597762487828732,
    0.060425061732530594,
    0.2110026776790619,
    0.34607261419296265,
    0.26113203167915344,
    0.092707559466362,
    0.01614505983889103,
    0.0014374481979757547,
    6.612099969061092e-05,
    1.5240837001329055e-06
  ],
  "soft_hist_real_mass": [
    0.0018583298660814762,
    0.014423890970647335,
    0.06291963160037994,
    0.14960922300815582,
    0.18737228214740753,
    0.12063974887132645,
    0.0465393103659153,
    0.05246495455503464,
    0.12285701930522919,
    0.14551225304603577,
    0.07742903381586075,
    0.01837441697716713
  ],
  "soft_hist_gen_mass": [
    4.327503120293841e-05,
    0.0005855433410033584,
    0.007201849948614836,
    0.05491683632135391,
    0.20218323171138763,
    0.34204211831092834,
    0.2691914439201355,
    0.1022132858633995,
    0.01958175003528595,
    0.0019404906779527664,
    9.779237007023767e-05,
    2.3966692879184848e-06
  ],
  "hard_hist_real": [
    0.0,
    0.0,
    0.046666666865348816,
    0.3499999940395355,
    0.5199999809265137,
    0.03333333507180214,
    0.0,
    0.0,
    0.009999999776482582,
    0.03999999910593033,
    0.0,
    0.0
  ],
  "hard_hist_gen": [
    0.0,
    0.0,
    0.0,
    0.009999999776482582,
    0.0033333334140479565,
    0.8866666555404663,
    0.10000000149011612,
    0.0,
    0.0,
    0.0,
    0.0,
    0.0
  ],
  "js_soft": 0.15962424874305725,
  "js_hard": 0.5885533094406128,
  "js_mass": 0.20347359776496887,
  "hub_share_real_top1pct": 0.09240362793207169,
  "hub_share_gen_top1pct": 0.017133675515651703
}