{
  "alpha_struct": 1.0,
  "seed": 2,
  "run_tag": "",
  "bin_edges": [
    0.0,
    0.5,
    1.0,
    1.5,
    2.0,
    2.5,
    3.0,
    3.5,
    4.0,
    4.5,
    5.0,
    5.5,
    6.0
  ],
  "soft_hist_real": [
    0.005617871414870024,
    0.03566940873861313,
    0.12953579425811768,
    0.26378101110458374,
    0.29088887572288513,
    0.16777685284614563,
    0.050186000764369965,
    0.012904683127999306,
    0.015241341665387154,
    0.0172351635992527,
    0.009041248820722103,
    0.002121811965480447
  ],
  "soft_hist_gen": [
    1.0964371540467255e-05,
    0.0004524382820818573,
    0.008193551562726498,
    0.06521037966012955,
    0.2287367433309555,
    0.35576844215393066,
    0.24848245084285736,
    0.07986083626747131,
    0.01229501236230135,
    0.0009505884954705834,
    3.784379077842459e-05,
    7.608185796925682e-07
  ],
  "soft_hist_real_mass": [
    0.0018583298660814762,
    0.014423890970647335,
    0.06291963160037994,
    0.14960922300815582,
    0.18737228214740753,
    0.12063974887132645,
    0.0465393103659153,
    0.05246495455503464,
    0.12285701930522919,
    0.14551225304603577,
    0.07742903381586075,
    0.01837441697716713
  ],
  "soft_hist_gen_mass": [
    1.0519083843973931e-05,
    0.000434824381954968,
    0.007894338108599186,
    0.06308574974536896,
    0.22292982041835785,
    0.3517645001411438,
    0.2527208924293518,
    0.08556611835956573,
    0.014311275444924831,
    0.001227105618454516,
    5.377051274990663e-05,
    1.1561493238332332e-06
  ],
  "hard_hist_real": [
    0.0,
    0.0,
    0.046666666865348816,
    0.3499999940395355,
    0.5199999809265137,
    0.03333333507180214,
    0.0,
    0.0,
    0.009999999776482582,
    0.03999999910593033,
    0.0,
    0.0
  ],
  "hard_hist_gen": [
    0.0,
    0.0,
    0.0,
    0.0,
    0.0,
    0.949999988079071,
    0.05000000074505806,
    0.0,
    0.0,
    0.0,
    0.0,
    0.0
  ],
  "js_soft": 0.1542641520500183,
  "js_hard": 0.6203597187995911,
  "js_mass": 0.2022562026977539,
  "hub_share_real_top1pct": 0.09240362793207169,
  "hub_share_gen_top1pct": 0.016690559685230255
}