{
  "alpha_struct": 0.0,
  "seed": 1,
  "run_tag": "",
  "bin_edges": [
    0.0,
    0.5,
    1.0,
    1.5,
    2.0,
    2.5,
    3.0,
    3.5,
    4.0,
    4.5,
    5.0,
    5.5,
    6.0
  ],
  "soft_hist_real": [
    0.006784317083656788,
    0.0372118279337883,
    0.12971408665180206,
    0.2631380558013916,
    0.2902301549911499,
    0.1668267399072647,
    0.04962190240621567,
    0.012622729875147343,
    0.015130884014070034,
    0.017368551343679428,
    0.009186125360429287,
    0.0021645701490342617
  ],
  "soft_hist_gen": [
    1.0319051398255397e-05,
    0.0004325174377299845,
    0.00795297883450985,
    0.06422801315784454,
    0.2282930612564087,
    0.35845309495925903,
    0.2502005696296692,
    0.07844141870737076,
    0.011217755265533924,
    0.0007463650545105338,
    2.3553146093036048e-05,
    3.562162760317733e-07
  ],
  "soft_hist_real_mass": [
    0.0019601788371801376,
    0.01446511596441269,
    0.06269984692335129,
    0.1492832601070404,
    0.18652687966823578,
    0.11950897425413132,
    0.04567454010248184,
    0.0516512356698513,
    0.12317858636379242,
    0.147419273853302,
    0.07887047529220581,
    0.01876157522201538
  ],
  "soft_hist_gen_mass": [
    1.0050031960417982e-05,
    0.00042187419603578746,
    0.007774083875119686,
    0.06299421936273575,
    0.2251342535018921,
    0.3567295968532562,
    0.25280094146728516,
    0.0812150239944458,
    0.012048904784023762,
    0.0008424174156971276,
    2.816513915604446e-05,
    4.5082140331942355e-07
  ],
  "hard_hist_real": [
    0.0,
    0.0033333334140479565,
    0.0533333346247673,
    0.33000001311302185,
    0.5233333110809326,
    0.03999999910593033,
    0.0,
    0.0,
    0.0033333334140479565,
    0.046666666865348816,
    0.0,
    0.0
  ],
  "hard_hist_gen": [
    0.0,
    0.0,
    0.0,
    0.0,
    0.0,
    0.949999988079071,
    0.05000000074505806,
    0.0,
    0.0,
    0.0,
    0.0,
    0.0
  ],
  "js_soft": 0.15746721625328064,
  "js_hard": 0.6093802452087402,
  "js_mass": 0.20817485451698303,
  "hub_share_real_top1pct": 0.09353741258382797,
  "hub_share_gen_top1pct": 0.014721575193107128
}