{
  "alpha_struct": 0.1,
  "seed": 4,
  "run_tag": "",
  "bin_edges": [
    0.0,
    0.5,
    1.0,
    1.5,
    2.0,
    2.5,
    3.0,
    3.5,
    4.0,
    4.5,
    5.0,
    5.5,
    6.0
  ],
  "soft_hist_real": [
    0.007261944003403187,
    0.037999656051397324,
    0.12948983907699585,
    0.26186689734458923,
    0.2897389829158783,
    0.16722330451011658,
    0.0499107725918293,
    0.012687720358371735,
    0.015132184140384197,
    0.017348632216453552,
    0.009176830761134624,
    0.0021632141433656216
  ],
  "soft_hist_gen": [
    1.0990702321578283e-05,
    0.00045439135283231735,
    0.008244605734944344,
    0.06572553515434265,
    0.23071712255477905,
    0.35810336470603943,
    0.2476167380809784,
    0.07725875824689865,
    0.011092293076217175,
    0.0007512927404604852,
    2.4548064175178297e-05,
    3.9000389051579987e-07
  ],
  "soft_hist_real_mass": [
    0.0020164689049124718,
    0.014468041248619556,
    0.06235019490122795,
    0.14883176982402802,
    0.18671482801437378,
    0.12008482962846756,
    0.0459691546857357,
    0.05172063037753105,
    0.12305395305156708,
    0.14723728597164154,
    0.07880401611328125,
    0.018748879432678223
  ],
  "soft_hist_gen_mass": [
    1.0668100003385916e-05,
    0.00044183488353155553,
    0.008036001585423946,
    0.064295694231987,
    0.2270517349243164,
    0.3560526669025421,
    0.2505953311920166,
    0.0805218517780304,
    0.01209323015064001,
    0.0008700389298610389,
    3.0417901143664494e-05,
    5.142413215253328e-07
  ],
  "hard_hist_real": [
    0.0,
    0.0033333334140479565,
    0.0533333346247673,
    0.31333333253860474,
    0.54666668176651,
    0.03333333507180214,
    0.0,
    0.0,
    0.006666666828095913,
    0.04333333298563957,
    0.0,
    0.0
  ],
  "hard_hist_gen": [
    0.0,
    0.0,
    0.0,
    0.0,
    0.0,
    0.949999988079071,
    0.05000000074505806,
    0.0,
    0.0,
    0.0,
    0.0,
    0.0
  ],
  "js_soft": 0.15497194230556488,
  "js_hard": 0.6203597187995911,
  "js_mass": 0.2061362862586975,
  "hub_share_real_top1pct": 0.09268707782030106,
  "hub_share_gen_top1pct": 0.015146883204579353
}