{
  "alpha_struct": 2.0,
  "seed": 5,
  "run_tag": "",
  "bin_edges": [
    0.0,
    0.5,
    1.0,
    1.5,
    2.0,
    2.5,
    3.0,
    3.5,
    4.0,
    4.5,
    5.0,
    5.5,
    6.0
  ],
  "soft_hist_real": [
    0.007304979953914881,
    0.03844282031059265,
    0.1305759698152542,
    0.2621959149837494,
    0.2890004813671112,
    0.16659767925739288,
    0.04948832467198372,
    0.012449071742594242,
    0.015058208256959915,
    0.017432397231459618,
    0.009264803491532803,
    0.0021892907097935677
  ],
  "soft_hist_gen": [
    1.0168346307182219e-05,
    0.00042464080615900457,
    0.007787987124174833,
    0.06283220648765564,
    0.2237374186515808,
    0.3540984094142914,
    0.2527437210083008,
    0.08371797949075699,
    0.01348549872636795,
    0.0011129173217341304,
    4.8027868615463376e-05,
    1.0505962109164102e-06
  ],
  "soft_hist_real_mass": [
    0.0020399955101311207,
    0.014619605615735054,
    0.06254785507917404,
    0.1485380232334137,
    0.18609659373760223,
    0.11937624961137772,
    0.04521984979510307,
    0.05114450678229332,
    0.12329333275556564,
    0.14843565225601196,
    0.07969456166028976,
    0.01899377629160881
  ],
  "soft_hist_gen_mass": [
    9.672735359345097e-06,
    0.0004048159462399781,
    0.007447357289493084,
    0.060380659997463226,
    0.21689710021018982,
    0.3490878641605377,
    0.2575084865093231,
    0.09064336121082306,
    0.016062041744589806,
    0.001486156601458788,
    7.084241951815784e-05,
    1.6537692317797337e-06
  ],
  "hard_hist_real": [
    0.0,
    0.0033333334140479565,
    0.05000000074505806,
    0.33000001311302185,
    0.550000011920929,
    0.01666666753590107,
    0.0,
    0.0,
    0.006666666828095913,
    0.04333333298563957,
    0.0,
    0.0
  ],
  "hard_hist_gen": [
    0.0,
    0.0,
    0.0,
    0.0,
    0.0,
    0.9433333277702332,
    0.05666666850447655,
    0.0,
    0.0,
    0.0,
    0.0,
    0.0
  ],
  "js_soft": 0.16031450033187866,
  "js_hard": 0.6511072516441345,
  "js_mass": 0.205961674451828,
  "hub_share_real_top1pct": 0.09353741258382797,
  "hub_share_gen_top1pct": 0.0170972291380167
}