{
  "alpha_struct": 1.0,
  "seed": 5,
  "run_tag": "",
  "bin_edges": [
    0.0,
    0.5,
    1.0,
    1.5,
    2.0,
    2.5,
    3.0,
    3.5,
    4.0,
    4.5,
    5.0,
    5.5,
    6.0
  ],
  "soft_hist_real": [
    0.007304979953914881,
    0.03844282031059265,
    0.1305759698152542,
    0.2621959149837494,
    0.2890004813671112,
    0.16659767925739288,
    0.04948832467198372,
    0.012449071742594242,
    0.015058208256959915,
    0.017432397231459618,
    0.009264803491532803,
    0.0021892907097935677
  ],
  "soft_hist_gen": [
    1.1273910786258057e-05,
    0.0004627743037417531,
    0.008335631340742111,
    0.06597518920898438,
    0.23011648654937744,
    0.35587549209594727,
    0.24714970588684082,
    0.07900091260671616,
    0.012102952226996422,
    0.0009318531374447048,
    3.696605563163757e-05,
    7.406394502140756e-07
  ],
  "soft_hist_real_mass": [
    0.0020399955101311207,
    0.014619605615735054,
    0.06254785507917404,
    0.1485380232334137,
    0.18609659373760223,
    0.11937624961137772,
    0.04521984979510307,
    0.05114450678229332,
    0.12329333275556564,
    0.14843565225601196,
    0.07969456166028976,
    0.01899377629160881
  ],
  "soft_hist_gen_mass": [
    1.0820446732395794e-05,
    0.0004448972176760435,
    0.008033029735088348,
    0.0638350322842598,
    0.22429630160331726,
    0.3519069254398346,
    0.25142213702201843,
    0.08469018340110779,
    0.01410218607634306,
    0.0012046933406963944,
    5.2609106205636635e-05,
    1.1272389883743017e-06
  ],
  "hard_hist_real": [
    0.0,
    0.0033333334140479565,
    0.05000000074505806,
    0.33000001311302185,
    0.550000011920929,
    0.01666666753590107,
    0.0,
    0.0,
    0.006666666828095913,
    0.04333333298563957,
    0.0,
    0.0
  ],
  "hard_hist_gen": [
    0.0,
    0.0,
    0.0,
    0.0,
    0.0,
    0.949999988079071,
    0.05000000074505806,
    0.0,
    0.0,
    0.0,
    0.0,
    0.0
  ],
  "js_soft": 0.15560564398765564,
  "js_hard": 0.6510490775108337,
  "js_mass": 0.20522499084472656,
  "hub_share_real_top1pct": 0.09353741258382797,
  "hub_share_gen_top1pct": 0.01671585626900196
}