{
  "alpha_struct": 5.0,
  "seed": 2,
  "run_tag": "",
  "bin_edges": [
    0.0,
    0.5,
    1.0,
    1.5,
    2.0,
    2.5,
    3.0,
    3.5,
    4.0,
    4.5,
    5.0,
    5.5,
    6.0
  ],
  "soft_hist_real": [
    0.005617871414870024,
    0.03566940873861313,
    0.12953579425811768,
    0.26378101110458374,
    0.29088887572288513,
    0.16777685284614563,
    0.050186000764369965,
    0.012904683127999306,
    0.015241341665387154,
    0.0172351635992527,
    0.009041248820722103,
    0.002121811965480447
  ],
  "soft_hist_gen": [
    9.47332773648668e-06,
    0.0003992247220594436,
    0.007399254944175482,
    0.060444753617048264,
    0.21850824356079102,
    0.3523077964782715,
    0.25733762979507446,
    0.0876908004283905,
    0.014599068090319633,
    0.001246972824446857,
    5.555612005991861e-05,
    1.2504749520303449e-06
  ],
  "soft_hist_real_mass": [
    0.0018583298660814762,
    0.014423890970647335,
    0.06291963160037994,
    0.14960922300815582,
    0.18737228214740753,
    0.12063974887132645,
    0.0465393103659153,
    0.05246495455503464,
    0.12285701930522919,
    0.14551225304603577,
    0.07742903381586075,
    0.01837441697716713
  ],
  "soft_hist_gen_mass": [
    8.92000571184326e-06,
    0.00037704603164456785,
    0.007018092088401318,
    0.05770580470561981,
    0.21088707447052002,
    0.3467356264591217,
    0.2626156508922577,
    0.09539942443370819,
    0.017495179548859596,
    0.0016730974894016981,
    8.214487024815753e-05,
    1.970689481822774e-06
  ],
  "hard_hist_real": [
    0.0,
    0.0,
    0.046666666865348816,
    0.3499999940395355,
    0.5199999809265137,
    0.03333333507180214,
    0.0,
    0.0,
    0.009999999776482582,
    0.03999999910593033,
    0.0,
    0.0
  ],
  "hard_hist_gen": [
    0.0,
    0.0,
    0.0,
    0.0,
    0.0,
    0.9366666674613953,
    0.06333333253860474,
    0.0,
    0.0,
    0.0,
    0.0,
    0.0
  ],
  "js_soft": 0.16168485581874847,
  "js_hard": 0.6205912232398987,
  "js_mass": 0.20353971421718597,
  "hub_share_real_top1pct": 0.09240362793207169,
  "hub_share_gen_top1pct": 0.017087576910853386
}