{
  "alpha_struct": 0.0,
  "seed": 3,
  "run_tag": "",
  "bin_edges": [
    0.0,
    0.5,
    1.0,
    1.5,
    2.0,
    2.5,
    3.0,
    3.5,
    4.0,
    4.5,
    5.0,
    5.5,
    6.0
  ],
  "soft_hist_real": [
    0.006225198041647673,
    0.03585309162735939,
    0.12827108800411224,
    0.26247990131378174,
    0.2917393147945404,
    0.16895301640033722,
    0.05014268308877945,
    0.012627038173377514,
    0.015238898806273937,
    0.017328718677163124,
    0.009040609933435917,
    0.0021005047019571066
  ],
  "soft_hist_gen": [
    1.0014913641498424e-05,
    0.00042030515032820404,
    0.007761997636407614,
    0.06308640539646149,
    0.22598133981227875,
    0.3579616844654083,
    0.25233757495880127,
    0.08002200722694397,
    0.01160639151930809,
    0.0007864916115067899,
    2.5414165065740235e-05,
    3.955587715154252e-07
  ],
  "soft_hist_real_mass": [
    0.001871850690804422,
    0.014261151663959026,
    0.06244055554270744,
    0.14965783059597015,
    0.18857279419898987,
    0.12109774351119995,
    0.04574626311659813,
    0.05199655890464783,
    0.12346480786800385,
    0.1458805650472641,
    0.07694995403289795,
    0.018059993162751198
  ],
  "soft_hist_gen_mass": [
    9.692761523183435e-06,
    0.0004082651576027274,
    0.0075667137280106544,
    0.061764735728502274,
    0.2226138859987259,
    0.356089323759079,
    0.25508183240890503,
    0.08301738649606705,
    0.012522302567958832,
    0.0008946742163971066,
    3.073146581300534e-05,
    5.073419515611022e-07
  ],
  "hard_hist_real": [
    0.0,
    0.0033333334140479565,
    0.03333333507180214,
    0.3199999928474426,
    0.5600000023841858,
    0.03333333507180214,
    0.0,
    0.0,
    0.006666666828095913,
    0.04333333298563957,
    0.0,
    0.0
  ],
  "hard_hist_gen": [
    0.0,
    0.0,
    0.0,
    0.0,
    0.0,
    0.949999988079071,
    0.05000000074505806,
    0.0,
    0.0,
    0.0,
    0.0,
    0.0
  ],
  "js_soft": 0.15717628598213196,
  "js_hard": 0.6203597187995911,
  "js_mass": 0.20651406049728394,
  "hub_share_real_top1pct": 0.09382086247205734,
  "hub_share_gen_top1pct": 0.014853724278509617
}