{
  "alpha_struct": 10.0,
  "seed": 4,
  "run_tag": "",
  "bin_edges": [
    0.0,
    0.5,
    1.0,
    1.5,
    2.0,
    2.5,
    3.0,
    3.5,
    4.0,
    4.5,
    5.0,
    5.5,
    6.0
  ],
  "soft_hist_real": [
    0.007261944003403187,
    0.037999656051397324,
    0.12948983907699585,
    0.26186689734458923,
    0.2897389829158783,
    0.16722330451011658,
    0.0499107725918293,
    0.012687720358371735,
    0.015132184140384197,
    0.017348632216453552,
    0.009176830761134624,
    0.0021632141433656216
  ],
  "soft_hist_gen": [
    0.001135094091296196,
    0.004498876165598631,
    0.014397560618817806,
    0.06523396074771881,
    0.21509715914726257,
    0.34350326657295227,
    0.252676784992218,
    0.0873376876115799,
    0.014784437604248524,
    0.001277043716982007,
    5.685637006536126e-05,
    1.2654213605856057e-06
  ],
  "soft_hist_real_mass": [
    0.0020164689049124718,
    0.014468041248619556,
    0.06235019490122795,
    0.14883176982402802,
    0.18671482801437378,
    0.12008482962846756,
    0.0459691546857357,
    0.05172063037753105,
    0.12305395305156708,
    0.14723728597164154,
    0.07880401611328125,
    0.018748879432678223
  ],
  "soft_hist_gen_mass": [
    0.0001955465559149161,
    0.0010989275760948658,
    0.008351264521479607,
    0.058213911950588226,
    0.2081962674856186,
    0.3434566557407379,
    0.2633207440376282,
    0.09725245833396912,
    0.01809076964855194,
    0.0017369126435369253,
    8.459761011181399e-05,
    1.9995302409370197e-06
  ],
  "hard_hist_real": [
    0.0,
    0.0033333334140479565,
    0.0533333346247673,
    0.31333333253860474,
    0.54666668176651,
    0.03333333507180214,
    0.0,
    0.0,
    0.006666666828095913,
    0.04333333298563957,
    0.0,
    0.0
  ],
  "hard_hist_gen": [
    0.0,
    0.0,
    0.01666666753590107,
    0.006666666828095913,
    0.0033333334140479565,
    0.8799999952316284,
    0.09333333373069763,
    0.0,
    0.0,
    0.0,
    0.0,
    0.0
  ],
  "js_soft": 0.1458861082792282,
  "js_hard": 0.5760282278060913,
  "js_mass": 0.20214353501796722,
  "hub_share_real_top1pct": 0.09268707782030106,
  "hub_share_gen_top1pct": 0.017208410426974297
}