{
  "alpha_struct": 10.0,
  "seed": 1,
  "run_tag": "",
  "bin_edges": [
    0.0,
    0.5,
    1.0,
    1.5,
    2.0,
    2.5,
    3.0,
    3.5,
    4.0,
    4.5,
    5.0,
    5.5,
    6.0
  ],
  "soft_hist_real": [
    0.006784317083656788,
    0.0372118279337883,
    0.12971408665180206,
    0.2631380558013916,
    0.2902301549911499,
    0.1668267399072647,
    0.04962190240621567,
    0.012622729875147343,
    0.015130884014070034,
    0.017368551343679428,
    0.009186125360429287,
    0.0021645701490342617
  ],
  "soft_hist_gen": [
    7.653744978597388e-05,
    0.0007655052468180656,
    0.007941031828522682,
    0.05866613611578941,
    0.21248286962509155,
    0.3492294251918793,
    0.261561781167984,
    0.09191817045211792,
    0.015878990292549133,
    0.0014125620946288109,
    6.546891381731257e-05,
    1.5271501752067707e-06
  ],
  "soft_hist_real_mass": [
    0.0019601788371801376,
    0.01446511596441269,
    0.06269984692335129,
    0.1492832601070404,
    0.18652687966823578,
    0.11950897425413132,
    0.04567454010248184,
    0.0516512356698513,
    0.12317858636379242,
    0.147419273853302,
    0.07887047529220581,
    0.01876157522201538
  ],
  "soft_hist_gen_mass": [
    2.4184892026823945e-05,
    0.00043978251051157713,
    0.006776927504688501,
    0.054992735385894775,
    0.2042410969734192,
    0.34368738532066345,
    0.267854779958725,
    0.10074448585510254,
    0.01922449842095375,
    0.0019141649827361107,
    9.752745245350525e-05,
    2.4196301637857687e-06
  ],
  "hard_hist_real": [
    0.0,
    0.0033333334140479565,
    0.0533333346247673,
    0.33000001311302185,
    0.5233333110809326,
    0.03999999910593033,
    0.0,
    0.0,
    0.0033333334140479565,
    0.046666666865348816,
    0.0,
    0.0
  ],
  "hard_hist_gen": [
    0.0,
    0.0,
    0.0,
    0.0033333334140479565,
    0.0,
    0.9133333563804626,
    0.0833333358168602,
    0.0,
    0.0,
    0.0,
    0.0,
    0.0
  ],
  "js_soft": 0.16491004824638367,
  "js_hard": 0.6008175015449524,
  "js_mass": 0.20647186040878296,
  "hub_share_real_top1pct": 0.09353741258382797,
  "hub_share_gen_top1pct": 0.017187729477882385
}