{
  "alpha_struct": 2.0,
  "seed": 1,
  "run_tag": "",
  "bin_edges": [
    0.0,
    0.5,
    1.0,
    1.5,
    2.0,
    2.5,
    3.0,
    3.5,
    4.0,
    4.5,
    5.0,
    5.5,
    6.0
  ],
  "soft_hist_real": [
    0.006784317083656788,
    0.0372118279337883,
    0.12971408665180206,
    0.2631380558013916,
    0.2902301549911499,
    0.1668267399072647,
    0.04962190240621567,
    0.012622729875147343,
    0.015130884014070034,
    0.017368551343679428,
    0.009186125360429287,
    0.0021645701490342617
  ],
  "soft_hist_gen": [
    1.0103365639224648e-05,
    0.00042251445120200515,
    0.007759628817439079,
    0.06268763542175293,
    0.22351393103599548,
    0.35417234897613525,
    0.25301966071128845,
    0.08379827439785004,
    0.01346377283334732,
    0.0011039142264053226,
    4.715771501651034e-05,
    1.0196290531894192e-06
  ],
  "soft_hist_real_mass": [
    0.0019601788371801376,
    0.01446511596441269,
    0.06269984692335129,
    0.1492832601070404,
    0.18652687966823578,
    0.11950897425413132,
    0.04567454010248184,
    0.0516512356698513,
    0.12317858636379242,
    0.147419273853302,
    0.07887047529220581,
    0.01876157522201538
  ],
  "soft_hist_gen_mass": [
    9.616438546800055e-06,
    0.00040301564149558544,
    0.0074242898263037205,
    0.060273218899965286,
    0.21678321063518524,
    0.349270761013031,
    0.25773727893829346,
    0.09059023857116699,
    0.015973109751939774,
    0.0014646677300333977,
    6.902932364027947e-05,
    1.5929509800116648e-06
  ],
  "hard_hist_real": [
    0.0,
    0.0033333334140479565,
    0.0533333346247673,
    0.33000001311302185,
    0.5233333110809326,
    0.03999999910593033,
    0.0,
    0.0,
    0.0033333334140479565,
    0.046666666865348816,
    0.0,
    0.0
  ],
  "hard_hist_gen": [
    0.0,
    0.0,
    0.0,
    0.0,
    0.0,
    0.9433333277702332,
    0.05666666850447655,
    0.0,
    0.0,
    0.0,
    0.0,
    0.0
  ],
  "js_soft": 0.15968093276023865,
  "js_hard": 0.6095181703567505,
  "js_mass": 0.20514576137065887,
  "hub_share_real_top1pct": 0.09353741258382797,
  "hub_share_gen_top1pct": 0.017002047970891
}