{
  "alpha_struct": 0.1,
  "seed": 1,
  "run_tag": "",
  "bin_edges": [
    0.0,
    0.5,
    1.0,
    1.5,
    2.0,
    2.5,
    3.0,
    3.5,
    4.0,
    4.5,
    5.0,
    5.5,
    6.0
  ],
  "soft_hist_real": [
    0.006784317083656788,
    0.0372118279337883,
    0.12971408665180206,
    0.2631380558013916,
    0.2902301549911499,
    0.1668267399072647,
    0.04962190240621567,
    0.012622729875147343,
    0.015130884014070034,
    0.017368551343679428,
    0.009186125360429287,
    0.0021645701490342617
  ],
  "soft_hist_gen": [
    1.0881201887968928e-05,
    0.0004510408907663077,
    0.008202305063605309,
    0.06551911681890488,
    0.2304060161113739,
    0.3581836521625519,
    0.24796424806118011,
    0.07739298045635223,
    0.011096569709479809,
    0.0007484873640350997,
    2.4271363145089708e-05,
    3.8155440051923506e-07
  ],
  "soft_hist_real_mass": [
    0.0019601788371801376,
    0.01446511596441269,
    0.06269984692335129,
    0.1492832601070404,
    0.18652687966823578,
    0.11950897425413132,
    0.04567454010248184,
    0.0516512356698513,
    0.12317858636379242,
    0.147419273853302,
    0.07887047529220581,
    0.01876157522201538
  ],
  "soft_hist_gen_mass": [
    1.0573261533863842e-05,
    0.00043894516420550644,
    0.00800006277859211,
    0.0641276016831398,
    0.2268349975347519,
    0.3561951518058777,
    0.25087493658065796,
    0.08056192100048065,
    0.012063035741448402,
    0.0008624001056887209,
    2.986200161103625e-05,
    4.989772151020588e-07
  ],
  "hard_hist_real": [
    0.0,
    0.0033333334140479565,
    0.0533333346247673,
    0.33000001311302185,
    0.5233333110809326,
    0.03999999910593033,
    0.0,
    0.0,
    0.0033333334140479565,
    0.046666666865348816,
    0.0,
    0.0
  ],
  "hard_hist_gen": [
    0.0,
    0.0,
    0.0,
    0.0,
    0.0,
    0.949999988079071,
    0.05000000074505806,
    0.0,
    0.0,
    0.0,
    0.0,
    0.0
  ],
  "js_soft": 0.15554001927375793,
  "js_hard": 0.6093802452087402,
  "js_mass": 0.20702245831489563,
  "hub_share_real_top1pct": 0.09353741258382797,
  "hub_share_gen_top1pct": 0.015054568648338318
}