{
  "alpha_struct": 10.0,
  "seed": 3,
  "run_tag": "",
  "bin_edges": [
    0.0,
    0.5,
    1.0,
    1.5,
    2.0,
    2.5,
    3.0,
    3.5,
    4.0,
    4.5,
    5.0,
    5.5,
    6.0
  ],
  "soft_hist_real": [
    0.006225198041647673,
    0.03585309162735939,
    0.12827108800411224,
    0.26247990131378174,
    0.2917393147945404,
    0.16895301640033722,
    0.05014268308877945,
    0.012627038173377514,
    0.015238898806273937,
    0.017328718677163124,
    0.009040609933435917,
    0.0021005047019571066
  ],
  "soft_hist_gen": [
    5.829546716995537e-05,
    0.0007867314270697534,
    0.008541942574083805,
    0.05983509123325348,
    0.2114003300666809,
    0.3467460870742798,
    0.2618654668331146,
    0.09306789934635162,
    0.016194632276892662,
    0.0014362942893058062,
    6.568817480001599e-05,
    1.5059723637023126e-06
  ],
  "soft_hist_real_mass": [
    0.001871850690804422,
    0.014261151663959026,
    0.06244055554270744,
    0.14965783059597015,
    0.18857279419898987,
    0.12109774351119995,
    0.04574626311659813,
    0.05199655890464783,
    0.12346480786800385,
    0.1458805650472641,
    0.07694995403289795,
    0.018059993162751198
  ],
  "soft_hist_gen_mass": [
    2.3319344109040685e-05,
    0.00047936078044585884,
    0.007012777030467987,
    0.05485902726650238,
    0.20210690796375275,
    0.3420489430427551,
    0.26953354477882385,
    0.10235483199357986,
    0.019554870203137398,
    0.0019275038503110409,
    9.658086491981521e-05,
    2.3564380171592347e-06
  ],
  "hard_hist_real": [
    0.0,
    0.0033333334140479565,
    0.03333333507180214,
    0.3199999928474426,
    0.5600000023841858,
    0.03333333507180214,
    0.0,
    0.0,
    0.006666666828095913,
    0.04333333298563957,
    0.0,
    0.0
  ],
  "hard_hist_gen": [
    0.0,
    0.0,
    0.0,
    0.0033333334140479565,
    0.009999999776482582,
    0.8933333158493042,
    0.09333333373069763,
    0.0,
    0.0,
    0.0,
    0.0,
    0.0
  ],
  "js_soft": 0.1618005335330963,
  "js_hard": 0.5869129300117493,
  "js_mass": 0.20421642065048218,
  "hub_share_real_top1pct": 0.09382086247205734,
  "hub_share_gen_top1pct": 0.01704818196594715
}