{
  "alpha_struct": 10.0,
  "seed": 1,
  "run_tag": "",
  "bin_edges": [
    0.0,
    0.5,
    1.0,
    1.5,
    2.0,
    2.5,
    3.0,
    3.5,
    4.0,
    4.5,
    5.0,
    5.5,
    6.0
  ],
  "soft_hist_real": [
    0.006784317083656788,
    0.0372118279337883,
    0.12971408665180206,
    0.2631380558013916,
    0.2902301549911499,
    0.1668267399072647,
    0.04962190240621567,
    0.012622729875147343,
    0.015130884014070034,
    0.017368551343679428,
    0.009186125360429287,
    0.0021645701490342617
  ],
  "soft_hist_gen": [
    5.6448185205226764e-05,
    0.0007057389593683183,
    0.00816497951745987,
    0.06053638458251953,
    0.21629732847213745,
    0.3502879738807678,
    0.2582952678203583,
    0.08919445425271988,
    0.01509131956845522,
    0.0013096885522827506,
    5.905791113036685e-05,
    1.3395606401900295e-06
  ],
  "soft_hist_real_mass": [
    0.0019601788371801376,
    0.01446511596441269,
    0.06269984692335129,
    0.1492832601070404,
    0.18652687966823578,
    0.11950897425413132,
    0.04567454010248184,
    0.0516512356698513,
    0.12317858636379242,
    0.147419273853302,
    0.07887047529220581,
    0.01876157522201538
  ],
  "soft_hist_gen_mass": [
    2.1210060367593542e-05,
    0.0004508619022089988,
    0.007096283137798309,
    0.056893493980169296,
    0.20823459327220917,
    0.34512993693351746,
    0.26454147696495056,
    0.0975855141878128,
    0.018193256109952927,
    0.001763865351676941,
    8.739226905163378e-05,
    2.109066144839744e-06
  ],
  "hard_hist_real": [
    0.0,
    0.0033333334140479565,
    0.0533333346247673,
    0.33000001311302185,
    0.5233333110809326,
    0.03999999910593033,
    0.0,
    0.0,
    0.0033333334140479565,
    0.046666666865348816,
    0.0,
    0.0
  ],
  "hard_hist_gen": [
    0.0,
    0.0,
    0.0,
    0.0033333334140479565,
    0.0,
    0.9200000166893005,
    0.07666666805744171,
    0.0,
    0.0,
    0.0,
    0.0,
    0.0
  ],
  "js_soft": 0.1622210592031479,
  "js_hard": 0.600675106048584,
  "js_mass": 0.2056896686553955,
  "hub_share_real_top1pct": 0.09353741258382797,
  "hub_share_gen_top1pct": 0.01713220588862896
}