{
  "alpha_struct": 0.1,
  "seed": 3,
  "run_tag": "",
  "bin_edges": [
    0.0,
    0.5,
    1.0,
    1.5,
    2.0,
    2.5,
    3.0,
    3.5,
    4.0,
    4.5,
    5.0,
    5.5,
    6.0
  ],
  "soft_hist_real": [
    0.006225198041647673,
    0.03585309162735939,
    0.12827108800411224,
    0.26247990131378174,
    0.2917393147945404,
    0.16895301640033722,
    0.05014268308877945,
    0.012627038173377514,
    0.015238898806273937,
    0.017328718677163124,
    0.009040609933435917,
    0.0021005047019571066
  ],
  "soft_hist_gen": [
    1.0769154869194608e-05,
    0.00044104320113547146,
    0.008008785545825958,
    0.06426681578159332,
    0.22780829668045044,
    0.3576604723930359,
    0.2503701448440552,
    0.07911313325166702,
    0.011504661291837692,
    0.000789316080044955,
    2.613045035104733e-05,
    4.207940378364583e-07
  ],
  "soft_hist_real_mass": [
    0.001871850690804422,
    0.014261151663959026,
    0.06244055554270744,
    0.14965783059597015,
    0.18857279419898987,
    0.12109774351119995,
    0.04574626311659813,
    0.05199655890464783,
    0.12346480786800385,
    0.1458805650472641,
    0.07694995403289795,
    0.018059993162751198
  ],
  "soft_hist_gen_mass": [
    1.0290311365679372e-05,
    0.0004252893559169024,
    0.007773464545607567,
    0.06274928897619247,
    0.22403840720653534,
    0.35559332370758057,
    0.2534365952014923,
    0.08247905969619751,
    0.012546854093670845,
    0.0009144508512690663,
    3.239919169573113e-05,
    5.553540063374385e-07
  ],
  "hard_hist_real": [
    0.0,
    0.0033333334140479565,
    0.03333333507180214,
    0.3199999928474426,
    0.5600000023841858,
    0.03333333507180214,
    0.0,
    0.0,
    0.006666666828095913,
    0.04333333298563957,
    0.0,
    0.0
  ],
  "hard_hist_gen": [
    0.0,
    0.0,
    0.0,
    0.0,
    0.0033333334140479565,
    0.9466666579246521,
    0.05000000074505806,
    0.0,
    0.0,
    0.0,
    0.0,
    0.0
  ],
  "js_soft": 0.15539732575416565,
  "js_hard": 0.6102057695388794,
  "js_mass": 0.20546811819076538,
  "hub_share_real_top1pct": 0.09382086247205734,
  "hub_share_gen_top1pct": 0.015180432237684727
}