{
  "alpha_struct": 1.0,
  "seed": 1,
  "run_tag": "",
  "bin_edges": [
    0.0,
    0.5,
    1.0,
    1.5,
    2.0,
    2.5,
    3.0,
    3.5,
    4.0,
    4.5,
    5.0,
    5.5,
    6.0
  ],
  "soft_hist_real": [
    0.006784317083656788,
    0.0372118279337883,
    0.12971408665180206,
    0.2631380558013916,
    0.2902301549911499,
    0.1668267399072647,
    0.04962190240621567,
    0.012622729875147343,
    0.015130884014070034,
    0.017368551343679428,
    0.009186125360429287,
    0.0021645701490342617
  ],
  "soft_hist_gen": [
    1.1304692634439562e-05,
    0.0004637852543964982,
    0.008350063115358353,
    0.06606638431549072,
    0.23037117719650269,
    0.35613107681274414,
    0.24704332649707794,
    0.0786823183298111,
    0.011942385695874691,
    0.0009026938350871205,
    3.48465982824564e-05,
    6.767161266907351e-07
  ],
  "soft_hist_real_mass": [
    0.0019601788371801376,
    0.01446511596441269,
    0.06269984692335129,
    0.1492832601070404,
    0.18652687966823578,
    0.11950897425413132,
    0.04567454010248184,
    0.0516512356698513,
    0.12317858636379242,
    0.147419273853302,
    0.07887047529220581,
    0.01876157522201538
  ],
  "soft_hist_gen_mass": [
    1.0861004739126656e-05,
    0.0004463473742362112,
    0.008056108839809895,
    0.06399980932474136,
    0.2248070240020752,
    0.35244670510292053,
    0.25120091438293457,
    0.08404459804296494,
    0.013788439333438873,
    0.0011494894279167056,
    4.8694913857616484e-05,
    1.0113952839674312e-06
  ],
  "hard_hist_real": [
    0.0,
    0.0033333334140479565,
    0.0533333346247673,
    0.33000001311302185,
    0.5233333110809326,
    0.03999999910593033,
    0.0,
    0.0,
    0.0033333334140479565,
    0.046666666865348816,
    0.0,
    0.0
  ],
  "hard_hist_gen": [
    0.0,
    0.0,
    0.0,
    0.0,
    0.0,
    0.949999988079071,
    0.05000000074505806,
    0.0,
    0.0,
    0.0,
    0.0,
    0.0
  ],
  "js_soft": 0.15463246405124664,
  "js_hard": 0.6093802452087402,
  "js_mass": 0.20448103547096252,
  "hub_share_real_top1pct": 0.09353741258382797,
  "hub_share_gen_top1pct": 0.01648041419684887
}