{
  "alpha_struct": 10.0,
  "seed": 5,
  "run_tag": "",
  "bin_edges": [
    0.0,
    0.5,
    1.0,
    1.5,
    2.0,
    2.5,
    3.0,
    3.5,
    4.0,
    4.5,
    5.0,
    5.5,
    6.0
  ],
  "soft_hist_real": [
    0.007304979953914881,
    0.03844282031059265,
    0.1305759698152542,
    0.2621959149837494,
    0.2890004813671112,
    0.16659767925739288,
    0.04948832467198372,
    0.012449071742594242,
    0.015058208256959915,
    0.017432397231459618,
    0.009264803491532803,
    0.0021892907097935677
  ],
  "soft_hist_gen": [
    7.132350583560765e-05,
    0.0007858490571379662,
    0.008264589123427868,
    0.05954308062791824,
    0.21262682974338531,
    0.3479782044887543,
    0.2610221207141876,
    0.09219278395175934,
    0.016019348055124283,
    0.0014284265926107764,
    6.594538717763498e-05,
    1.5245567510646651e-06
  ],
  "soft_hist_real_mass": [
    0.0020399955101311207,
    0.014619605615735054,
    0.06254785507917404,
    0.1485380232334137,
    0.18609659373760223,
    0.11937624961137772,
    0.04521984979510307,
    0.05114450678229332,
    0.12329333275556564,
    0.14843565225601196,
    0.07969456166028976,
    0.01899377629160881
  ],
  "soft_hist_gen_mass": [
    2.4306125851580873e-05,
    0.0004610799951478839,
    0.006935320794582367,
    0.05522623658180237,
    0.20365887880325317,
    0.3426436185836792,
    0.2681250274181366,
    0.10145266354084015,
    0.019440090283751488,
    0.0019326513865962625,
    9.773819328984246e-05,
    2.3994741695787525e-06
  ],
  "hard_hist_real": [
    0.0,
    0.0033333334140479565,
    0.05000000074505806,
    0.33000001311302185,
    0.550000011920929,
    0.01666666753590107,
    0.0,
    0.0,
    0.006666666828095913,
    0.04333333298563957,
    0.0,
    0.0
  ],
  "hard_hist_gen": [
    0.0,
    0.0,
    0.0,
    0.0033333334140479565,
    0.006666666828095913,
    0.8899999856948853,
    0.10000000149011612,
    0.0,
    0.0,
    0.0,
    0.0,
    0.0
  ],
  "js_soft": 0.16467607021331787,
  "js_hard": 0.6241915225982666,
  "js_mass": 0.2070903182029724,
  "hub_share_real_top1pct": 0.09353741258382797,
  "hub_share_gen_top1pct": 0.017106354236602783
}