{
  "alpha_struct": 5.0,
  "seed": 4,
  "run_tag": "",
  "bin_edges": [
    0.0,
    0.5,
    1.0,
    1.5,
    2.0,
    2.5,
    3.0,
    3.5,
    4.0,
    4.5,
    5.0,
    5.5,
    6.0
  ],
  "soft_hist_real": [
    0.007261944003403187,
    0.037999656051397324,
    0.12948983907699585,
    0.26186689734458923,
    0.2897389829158783,
    0.16722330451011658,
    0.0499107725918293,
    0.012687720358371735,
    0.015132184140384197,
    0.017348632216453552,
    0.009176830761134624,
    0.0021632141433656216
  ],
  "soft_hist_gen": [
    0.0003336021618451923,
    0.0018507343484088778,
    0.010585441254079342,
    0.06393178552389145,
    0.21953190863132477,
    0.3492446541786194,
    0.2531939148902893,
    0.08582291752099991,
    0.01423800177872181,
    0.0012121525360271335,
    5.3705673053627834e-05,
    1.1982754131167894e-06
  ],
  "soft_hist_real_mass": [
    0.0020164689049124718,
    0.014468041248619556,
    0.06235019490122795,
    0.14883176982402802,
    0.18671482801437378,
    0.12008482962846756,
    0.0459691546857357,
    0.05172063037753105,
    0.12305395305156708,
    0.14723728597164154,
    0.07880401611328125,
    0.018748879432678223
  ],
  "soft_hist_gen_mass": [
    7.219603867270052e-05,
    0.0006896898266859353,
    0.007855253294110298,
    0.05918346345424652,
    0.21230751276016235,
    0.34609803557395935,
    0.26056382060050964,
    0.09427135437726974,
    0.01723584160208702,
    0.0016409802483394742,
    7.99566405476071e-05,
    1.8985367660206975e-06
  ],
  "hard_hist_real": [
    0.0,
    0.0033333334140479565,
    0.0533333346247673,
    0.31333333253860474,
    0.54666668176651,
    0.03333333507180214,
    0.0,
    0.0,
    0.006666666828095913,
    0.04333333298563957,
    0.0,
    0.0
  ],
  "hard_hist_gen": [
    0.0,
    0.0,
    0.0033333334140479565,
    0.006666666828095913,
    0.0,
    0.9100000262260437,
    0.07999999821186066,
    0.0,
    0.0,
    0.0,
    0.0,
    0.0
  ],
  "js_soft": 0.15333214402198792,
  "js_hard": 0.5985231399536133,
  "js_mass": 0.20310881733894348,
  "hub_share_real_top1pct": 0.09268707782030106,
  "hub_share_gen_top1pct": 0.017207738012075424
}