{
  "alpha_struct": 2.0,
  "seed": 5,
  "run_tag": "",
  "bin_edges": [
    0.0,
    0.5,
    1.0,
    1.5,
    2.0,
    2.5,
    3.0,
    3.5,
    4.0,
    4.5,
    5.0,
    5.5,
    6.0
  ],
  "soft_hist_real": [
    0.007304979953914881,
    0.03844282031059265,
    0.1305759698152542,
    0.2621959149837494,
    0.2890004813671112,
    0.16659767925739288,
    0.04948832467198372,
    0.012449071742594242,
    0.015058208256959915,
    0.017432397231459618,
    0.009264803491532803,
    0.0021892907097935677
  ],
  "soft_hist_gen": [
    1.0560233931755647e-05,
    0.0004380318569019437,
    0.007978130131959915,
    0.06390805542469025,
    0.22587814927101135,
    0.35464850068092346,
    0.25086355209350586,
    0.08215629309415817,
    0.01302321907132864,
    0.001050514169037342,
    4.405985600897111e-05,
    9.349421929982782e-07
  ],
  "soft_hist_real_mass": [
    0.0020399955101311207,
    0.014619605615735054,
    0.06254785507917404,
    0.1485380232334137,
    0.18609659373760223,
    0.11937624961137772,
    0.04521984979510307,
    0.05114450678229332,
    0.12329333275556564,
    0.14843565225601196,
    0.07969456166028976,
    0.01899377629160881
  ],
  "soft_hist_gen_mass": [
    1.0068530173157342e-05,
    0.0004184984718449414,
    0.0076449294574558735,
    0.06153002753853798,
    0.21932072937488556,
    0.34998905658721924,
    0.25553348660469055,
    0.08869743347167969,
    0.015402674674987793,
    0.0013875033473595977,
    6.417774420697242e-05,
    1.4539859876094852e-06
  ],
  "hard_hist_real": [
    0.0,
    0.0033333334140479565,
    0.05000000074505806,
    0.33000001311302185,
    0.550000011920929,
    0.01666666753590107,
    0.0,
    0.0,
    0.006666666828095913,
    0.04333333298563957,
    0.0,
    0.0
  ],
  "hard_hist_gen": [
    0.0,
    0.0,
    0.0,
    0.0,
    0.0,
    0.9466666579246521,
    0.0533333346247673,
    0.0,
    0.0,
    0.0,
    0.0,
    0.0
  ],
  "js_soft": 0.1586923748254776,
  "js_hard": 0.6510781049728394,
  "js_mass": 0.2056979387998581,
  "hub_share_real_top1pct": 0.09353741258382797,
  "hub_share_gen_top1pct": 0.016954932361841202
}