{
  "alpha_struct": 1.0,
  "seed": 5,
  "run_tag": "",
  "bin_edges": [
    0.0,
    0.5,
    1.0,
    1.5,
    2.0,
    2.5,
    3.0,
    3.5,
    4.0,
    4.5,
    5.0,
    5.5,
    6.0
  ],
  "soft_hist_real": [
    0.007304979953914881,
    0.03844282031059265,
    0.1305759698152542,
    0.2621959149837494,
    0.2890004813671112,
    0.16659767925739288,
    0.04948832467198372,
    0.012449071742594242,
    0.015058208256959915,
    0.017432397231459618,
    0.009264803491532803,
    0.0021892907097935677
  ],
  "soft_hist_gen": [
    1.112927475332981e-05,
    0.000458127266028896,
    0.008274490013718605,
    0.06566299498081207,
    0.22959548234939575,
    0.35588470101356506,
    0.24766428768634796,
    0.07930508255958557,
    0.012167563661932945,
    0.0009381090640090406,
    3.727108196471818e-05,
    7.481125976482872e-07
  ],
  "soft_hist_real_mass": [
    0.0020399955101311207,
    0.014619605615735054,
    0.06254785507917404,
    0.1485380232334137,
    0.18609659373760223,
    0.11937624961137772,
    0.04521984979510307,
    0.05114450678229332,
    0.12329333275556564,
    0.14843565225601196,
    0.07969456166028976,
    0.01899377629160881
  ],
  "soft_hist_gen_mass": [
    1.0686309906304814e-05,
    0.0004405983490869403,
    0.007976610213518143,
    0.06354731321334839,
    0.22381363809108734,
    0.35190364718437195,
    0.25189009308815,
    0.08498100191354752,
    0.014170022681355476,
    0.001212223549373448,
    5.302853969624266e-05,
    1.1384695426386315e-06
  ],
  "hard_hist_real": [
    0.0,
    0.0033333334140479565,
    0.05000000074505806,
    0.33000001311302185,
    0.550000011920929,
    0.01666666753590107,
    0.0,
    0.0,
    0.006666666828095913,
    0.04333333298563957,
    0.0,
    0.0
  ],
  "hard_hist_gen": [
    0.0,
    0.0,
    0.0,
    0.0,
    0.0,
    0.949999988079071,
    0.05000000074505806,
    0.0,
    0.0,
    0.0,
    0.0,
    0.0
  ],
  "js_soft": 0.1560581922531128,
  "js_hard": 0.6510490775108337,
  "js_mass": 0.20540975034236908,
  "hub_share_real_top1pct": 0.09353741258382797,
  "hub_share_gen_top1pct": 0.016710661351680756
}