{
  "alpha_struct": 5.0,
  "seed": 2,
  "run_tag": "",
  "bin_edges": [
    0.0,
    0.5,
    1.0,
    1.5,
    2.0,
    2.5,
    3.0,
    3.5,
    4.0,
    4.5,
    5.0,
    5.5,
    6.0
  ],
  "soft_hist_real": [
    0.005617871414870024,
    0.03566940873861313,
    0.12953579425811768,
    0.26378101110458374,
    0.29088887572288513,
    0.16777685284614563,
    0.050186000764369965,
    0.012904683127999306,
    0.015241341665387154,
    0.0172351635992527,
    0.009041248820722103,
    0.002121811965480447
  ],
  "soft_hist_gen": [
    9.508034054306336e-06,
    0.0004005351511295885,
    0.007420151960104704,
    0.060580793768167496,
    0.21883663535118103,
    0.3524770736694336,
    0.2570802867412567,
    0.08740506321191788,
    0.014501329511404037,
    0.0012327329022809863,
    5.4618591093458235e-05,
    1.2226072385601583e-06
  ],
  "soft_hist_real_mass": [
    0.0018583298660814762,
    0.014423890970647335,
    0.06291963160037994,
    0.14960922300815582,
    0.18737228214740753,
    0.12063974887132645,
    0.0465393103659153,
    0.05246495455503464,
    0.12285701930522919,
    0.14551225304603577,
    0.07742903381586075,
    0.01837441697716713
  ],
  "soft_hist_gen_mass": [
    8.960750164987985e-06,
    0.0003786070737987757,
    0.007043448276817799,
    0.05787523090839386,
    0.21131469309329987,
    0.3469925820827484,
    0.2623033821582794,
    0.0950029194355011,
    0.017347555607557297,
    0.0016501395730301738,
    8.056648221099749e-05,
    1.9226226868340746e-06
  ],
  "hard_hist_real": [
    0.0,
    0.0,
    0.046666666865348816,
    0.3499999940395355,
    0.5199999809265137,
    0.03333333507180214,
    0.0,
    0.0,
    0.009999999776482582,
    0.03999999910593033,
    0.0,
    0.0
  ],
  "hard_hist_gen": [
    0.0,
    0.0,
    0.0,
    0.0,
    0.0,
    0.9366666674613953,
    0.06333333253860474,
    0.0,
    0.0,
    0.0,
    0.0,
    0.0
  ],
  "js_soft": 0.16146458685398102,
  "js_hard": 0.6205912232398987,
  "js_mass": 0.20354869961738586,
  "hub_share_real_top1pct": 0.09240362793207169,
  "hub_share_gen_top1pct": 0.01706564985215664
}