{
  "alpha_struct": 0.5,
  "seed": 1,
  "run_tag": "",
  "bin_edges": [
    0.0,
    0.5,
    1.0,
    1.5,
    2.0,
    2.5,
    3.0,
    3.5,
    4.0,
    4.5,
    5.0,
    5.5,
    6.0
  ],
  "soft_hist_real": [
    0.006784317083656788,
    0.0372118279337883,
    0.12971408665180206,
    0.2631380558013916,
    0.2902301549911499,
    0.1668267399072647,
    0.04962190240621567,
    0.012622729875147343,
    0.015130884014070034,
    0.017368551343679428,
    0.009186125360429287,
    0.0021645701490342617
  ],
  "soft_hist_gen": [
    1.1265859939157963e-05,
    0.00046306964941322803,
    0.008351316675543785,
    0.0661701112985611,
    0.2309478521347046,
    0.35695311427116394,
    0.2468574345111847,
    0.07784530520439148,
    0.011536265723407269,
    0.000833595113363117,
    3.013866262335796e-05,
    5.428885287983576e-07
  ],
  "soft_hist_real_mass": [
    0.0019601788371801376,
    0.01446511596441269,
    0.06269984692335129,
    0.1492832601070404,
    0.18652687966823578,
    0.11950897425413132,
    0.04567454010248184,
    0.0516512356698513,
    0.12317858636379242,
    0.147419273853302,
    0.07887047529220581,
    0.01876157522201538
  ],
  "soft_hist_gen_mass": [
    1.087344662664691e-05,
    0.0004476510512176901,
    0.008092018775641918,
    0.06435900181531906,
    0.22614507377147675,
    0.35394287109375,
    0.2505660951137543,
    0.08234947174787521,
    0.013022211380302906,
    0.0010235700756311417,
    4.030210038763471e-05,
    7.76528281676292e-07
  ],
  "hard_hist_real": [
    0.0,
    0.0033333334140479565,
    0.0533333346247673,
    0.33000001311302185,
    0.5233333110809326,
    0.03999999910593033,
    0.0,
    0.0,
    0.0033333334140479565,
    0.046666666865348816,
    0.0,
    0.0
  ],
  "hard_hist_gen": [
    0.0,
    0.0,
    0.0,
    0.0,
    0.0,
    0.949999988079071,
    0.05000000074505806,
    0.0,
    0.0,
    0.0,
    0.0,
    0.0
  ],
  "js_soft": 0.15452328324317932,
  "js_hard": 0.6093802452087402,
  "js_mass": 0.20529654622077942,
  "hub_share_real_top1pct": 0.09353741258382797,
  "hub_share_gen_top1pct": 0.015996495261788368
}