{
  "alpha_struct": 0.5,
  "seed": 2,
  "run_tag": "",
  "bin_edges": [
    0.0,
    0.5,
    1.0,
    1.5,
    2.0,
    2.5,
    3.0,
    3.5,
    4.0,
    4.5,
    5.0,
    5.5,
    6.0
  ],
  "soft_hist_real": [
    0.005617871414870024,
    0.03566940873861313,
    0.12953579425811768,
    0.26378101110458374,
    0.29088887572288513,
    0.16777685284614563,
    0.050186000764369965,
    0.012904683127999306,
    0.015241341665387154,
    0.0172351635992527,
    0.009041248820722103,
    0.002121811965480447
  ],
  "soft_hist_gen": [
    1.1294187970634084e-05,
    0.00046408240450546145,
    0.008366364054381847,
    0.06625783443450928,
    0.23111668229103088,
    0.3569592535495758,
    0.24667838215827942,
    0.0777524933218956,
    0.011527899652719498,
    0.0008348932606168091,
    3.0321351005113684e-05,
    5.494841843756149e-07
  ],
  "soft_hist_real_mass": [
    0.0018583298660814762,
    0.014423890970647335,
    0.06291963160037994,
    0.14960922300815582,
    0.18737228214740753,
    0.12063974887132645,
    0.0465393103659153,
    0.05246495455503464,
    0.12285701930522919,
    0.14551225304603577,
    0.07742903381586075,
    0.01837441697716713
  ],
  "soft_hist_gen_mass": [
    1.0902701433224138e-05,
    0.0004486937541514635,
    0.008107309229671955,
    0.06444519758224487,
    0.22629515826702118,
    0.3539106249809265,
    0.25038665533065796,
    0.08229261636734009,
    0.013033121824264526,
    0.0010282290168106556,
    4.071276634931564e-05,
    7.894921623119444e-07
  ],
  "hard_hist_real": [
    0.0,
    0.0,
    0.046666666865348816,
    0.3499999940395355,
    0.5199999809265137,
    0.03333333507180214,
    0.0,
    0.0,
    0.009999999776482582,
    0.03999999910593033,
    0.0,
    0.0
  ],
  "hard_hist_gen": [
    0.0,
    0.0,
    0.0,
    0.0,
    0.0,
    0.949999988079071,
    0.05000000074505806,
    0.0,
    0.0,
    0.0,
    0.0,
    0.0
  ],
  "js_soft": 0.1527862697839737,
  "js_hard": 0.6203597187995911,
  "js_mass": 0.20283925533294678,
  "hub_share_real_top1pct": 0.09240362793207169,
  "hub_share_gen_top1pct": 0.016068052500486374
}