{
  "alpha_struct": 10.0,
  "seed": 2,
  "run_tag": "",
  "bin_edges": [
    0.0,
    0.5,
    1.0,
    1.5,
    2.0,
    2.5,
    3.0,
    3.5,
    4.0,
    4.5,
    5.0,
    5.5,
    6.0
  ],
  "soft_hist_real": [
    0.005617871414870024,
    0.03566940873861313,
    0.12953579425811768,
    0.26378101110458374,
    0.29088887572288513,
    0.16777685284614563,
    0.050186000764369965,
    0.012904683127999306,
    0.015241341665387154,
    0.0172351635992527,
    0.009041248820722103,
    0.002121811965480447
  ],
  "soft_hist_gen": [
    1.1366812941560056e-05,
    0.00042798390495590866,
    0.007495232857763767,
    0.059789881110191345,
    0.21518677473068237,
    0.34974944591522217,
    0.2598641812801361,
    0.09062346816062927,
    0.0154492212459445,
    0.0013411419931799173,
    6.0014663176843897e-05,
    1.3460229411066393e-06
  ],
  "soft_hist_real_mass": [
    0.0018583298660814762,
    0.014423890970647335,
    0.06291963160037994,
    0.14960922300815582,
    0.18737228214740753,
    0.12063974887132645,
    0.0465393103659153,
    0.05246495455503464,
    0.12285701930522919,
    0.14551225304603577,
    0.07742903381586075,
    0.01837441697716713
  ],
  "soft_hist_gen_mass": [
    9.762628906173632e-06,
    0.0003837000986095518,
    0.006909080781042576,
    0.056239642202854156,
    0.20638993382453918,
    0.34418290853500366,
    0.26632606983184814,
    0.09913607686758041,
    0.018544308841228485,
    0.0017887733411043882,
    8.769347914494574e-05,
    2.092928525598836e-06
  ],
  "hard_hist_real": [
    0.0,
    0.0,
    0.046666666865348816,
    0.3499999940395355,
    0.5199999809265137,
    0.03333333507180214,
    0.0,
    0.0,
    0.009999999776482582,
    0.03999999910593033,
    0.0,
    0.0
  ],
  "hard_hist_gen": [
    0.0,
    0.0,
    0.0,
    0.0,
    0.009999999776482582,
    0.903333306312561,
    0.08666666597127914,
    0.0,
    0.0,
    0.0,
    0.0,
    0.0
  ],
  "js_soft": 0.16308197379112244,
  "js_hard": 0.5963804721832275,
  "js_mass": 0.20395657420158386,
  "hub_share_real_top1pct": 0.09240362793207169,
  "hub_share_gen_top1pct": 0.0169867891818285
}