{
  "alpha_struct": 0.5,
  "seed": 4,
  "run_tag": "",
  "bin_edges": [
    0.0,
    0.5,
    1.0,
    1.5,
    2.0,
    2.5,
    3.0,
    3.5,
    4.0,
    4.5,
    5.0,
    5.5,
    6.0
  ],
  "soft_hist_real": [
    0.007261944003403187,
    0.037999656051397324,
    0.12948983907699585,
    0.26186689734458923,
    0.2897389829158783,
    0.16722330451011658,
    0.0499107725918293,
    0.012687720358371735,
    0.015132184140384197,
    0.017348632216453552,
    0.009176830761134624,
    0.0021632141433656216
  ],
  "soft_hist_gen": [
    1.2163407518528402e-05,
    0.0004909274866804481,
    0.008712454698979855,
    0.0680270865559578,
    0.23418527841567993,
    0.3571780025959015,
    0.24374501407146454,
    0.07578641176223755,
    0.011051391251385212,
    0.0007831511320546269,
    2.7668305847328156e-05,
    4.859601290263527e-07
  ],
  "soft_hist_real_mass": [
    0.0020164689049124718,
    0.014468041248619556,
    0.06235019490122795,
    0.14883176982402802,
    0.18671482801437378,
    0.12008482962846756,
    0.0459691546857357,
    0.05172063037753105,
    0.12305395305156708,
    0.14723728597164154,
    0.07880401611328125,
    0.018748879432678223
  ],
  "soft_hist_gen_mass": [
    1.1705919860105496e-05,
    0.00047392514534294605,
    0.008438716642558575,
    0.06618239730596542,
    0.22945743799209595,
    0.35440871119499207,
    0.24748380482196808,
    0.08010867238044739,
    0.012440476566553116,
    0.0009567324304953218,
    3.6752437154063955e-05,
    6.902808422637463e-07
  ],
  "hard_hist_real": [
    0.0,
    0.0033333334140479565,
    0.0533333346247673,
    0.31333333253860474,
    0.54666668176651,
    0.03333333507180214,
    0.0,
    0.0,
    0.006666666828095913,
    0.04333333298563957,
    0.0,
    0.0
  ],
  "hard_hist_gen": [
    0.0,
    0.0,
    0.0,
    0.0,
    0.0,
    0.949999988079071,
    0.05000000074505806,
    0.0,
    0.0,
    0.0,
    0.0,
    0.0
  ],
  "js_soft": 0.15160536766052246,
  "js_hard": 0.6203597187995911,
  "js_mass": 0.20374783873558044,
  "hub_share_real_top1pct": 0.09268707782030106,
  "hub_share_gen_top1pct": 0.015913067385554314
}