{
  "alpha_struct": 1.0,
  "seed": 2,
  "run_tag": "",
  "bin_edges": [
    0.0,
    0.5,
    1.0,
    1.5,
    2.0,
    2.5,
    3.0,
    3.5,
    4.0,
    4.5,
    5.0,
    5.5,
    6.0
  ],
  "soft_hist_real": [
    0.005617871414870024,
    0.03566940873861313,
    0.12953579425811768,
    0.26378101110458374,
    0.29088887572288513,
    0.16777685284614563,
    0.050186000764369965,
    0.012904683127999306,
    0.015241341665387154,
    0.0172351635992527,
    0.009041248820722103,
    0.002121811965480447
  ],
  "soft_hist_gen": [
    1.0971300071105361e-05,
    0.0004528762074187398,
    0.0082034170627594,
    0.06529446691274643,
    0.22899770736694336,
    0.35598090291023254,
    0.24831171333789825,
    0.07958807796239853,
    0.012188228778541088,
    0.0009341458207927644,
    3.6765635741176084e-05,
    7.301968025785754e-07
  ],
  "soft_hist_real_mass": [
    0.0018583298660814762,
    0.014423890970647335,
    0.06291963160037994,
    0.14960922300815582,
    0.18737228214740753,
    0.12063974887132645,
    0.0465393103659153,
    0.05246495455503464,
    0.12285701930522919,
    0.14551225304603577,
    0.07742903381586075,
    0.01837441697716713
  ],
  "soft_hist_gen_mass": [
    1.0539565664657857e-05,
    0.0004357916477601975,
    0.007913059554994106,
    0.06323209404945374,
    0.2233635038137436,
    0.35211172699928284,
    0.2524409890174866,
    0.08511104434728622,
    0.014129530638456345,
    0.0011986892204731703,
    5.189190051169135e-05,
    1.1026752417819807e-06
  ],
  "hard_hist_real": [
    0.0,
    0.0,
    0.046666666865348816,
    0.3499999940395355,
    0.5199999809265137,
    0.03333333507180214,
    0.0,
    0.0,
    0.009999999776482582,
    0.03999999910593033,
    0.0,
    0.0
  ],
  "hard_hist_gen": [
    0.0,
    0.0,
    0.0,
    0.0,
    0.0,
    0.949999988079071,
    0.05000000074505806,
    0.0,
    0.0,
    0.0,
    0.0,
    0.0
  ],
  "js_soft": 0.15413987636566162,
  "js_hard": 0.6203597187995911,
  "js_mass": 0.20237545669078827,
  "hub_share_real_top1pct": 0.09240362793207169,
  "hub_share_gen_top1pct": 0.016611633822321892
}