{
  "alpha_struct": 10.0,
  "seed": 4,
  "run_tag": "",
  "bin_edges": [
    0.0,
    0.5,
    1.0,
    1.5,
    2.0,
    2.5,
    3.0,
    3.5,
    4.0,
    4.5,
    5.0,
    5.5,
    6.0
  ],
  "soft_hist_real": [
    0.007261944003403187,
    0.037999656051397324,
    0.12948983907699585,
    0.26186689734458923,
    0.2897389829158783,
    0.16722330451011658,
    0.0499107725918293,
    0.012687720358371735,
    0.015132184140384197,
    0.017348632216453552,
    0.009176830761134624,
    0.0021632141433656216
  ],
  "soft_hist_gen": [
    0.0011701929615810513,
    0.004571857396513224,
    0.014381644316017628,
    0.06483936309814453,
    0.21434979140758514,
    0.34338152408599854,
    0.2533121705055237,
    0.08776639401912689,
    0.014881881885230541,
    0.0012866263277828693,
    5.730979682994075e-05,
    1.2761348671119777e-06
  ],
  "soft_hist_real_mass": [
    0.0020164689049124718,
    0.014468041248619556,
    0.06235019490122795,
    0.14883176982402802,
    0.18671482801437378,
    0.12008482962846756,
    0.0459691546857357,
    0.05172063037753105,
    0.12305395305156708,
    0.14723728597164154,
    0.07880401611328125,
    0.018748879432678223
  ],
  "soft_hist_gen_mass": [
    0.00019898934988304973,
    0.0010996899800375104,
    0.008283661678433418,
    0.05784653499722481,
    0.20753447711467743,
    0.3433881402015686,
    0.26394888758659363,
    0.09767459332942963,
    0.01819038949906826,
    0.0017474620835855603,
    8.514832734363154e-05,
    2.013815674217767e-06
  ],
  "hard_hist_real": [
    0.0,
    0.0033333334140479565,
    0.0533333346247673,
    0.31333333253860474,
    0.54666668176651,
    0.03333333507180214,
    0.0,
    0.0,
    0.006666666828095913,
    0.04333333298563957,
    0.0,
    0.0
  ],
  "hard_hist_gen": [
    0.0,
    0.0,
    0.01666666753590107,
    0.006666666828095913,
    0.0033333334140479565,
    0.8766666650772095,
    0.09666666388511658,
    0.0,
    0.0,
    0.0,
    0.0,
    0.0
  ],
  "js_soft": 0.146315336227417,
  "js_hard": 0.5760902166366577,
  "js_mass": 0.20239856839179993,
  "hub_share_real_top1pct": 0.09268707782030106,
  "hub_share_gen_top1pct": 0.01719054765999317
}