{
  "alpha_struct": 5.0,
  "seed": 3,
  "run_tag": "",
  "bin_edges": [
    0.0,
    0.5,
    1.0,
    1.5,
    2.0,
    2.5,
    3.0,
    3.5,
    4.0,
    4.5,
    5.0,
    5.5,
    6.0
  ],
  "soft_hist_real": [
    0.006225198041647673,
    0.03585309162735939,
    0.12827108800411224,
    0.26247990131378174,
    0.2917393147945404,
    0.16895301640033722,
    0.05014268308877945,
    0.012627038173377514,
    0.015238898806273937,
    0.017328718677163124,
    0.009040609933435917,
    0.0021005047019571066
  ],
  "soft_hist_gen": [
    4.815868305740878e-05,
    0.000668849388603121,
    0.008124755695462227,
    0.060682263225317,
    0.21689744293689728,
    0.35094907879829407,
    0.25802889466285706,
    0.08849604427814484,
    0.014786746352910995,
    0.0012607440585270524,
    5.5781540140742436e-05,
    1.2445118500181707e-06
  ],
  "soft_hist_real_mass": [
    0.001871850690804422,
    0.014261151663959026,
    0.06244055554270744,
    0.14965783059597015,
    0.18857279419898987,
    0.12109774351119995,
    0.04574626311659813,
    0.05199655890464783,
    0.12346480786800385,
    0.1458805650472641,
    0.07694995403289795,
    0.018059993162751198
  ],
  "soft_hist_gen_mass": [
    1.9598643120843917e-05,
    0.00044645118759945035,
    0.007126964163035154,
    0.05720321834087372,
    0.20926950871944427,
    0.3461553156375885,
    0.2639622986316681,
    0.09637129306793213,
    0.01767978072166443,
    0.001681731315329671,
    8.18649641587399e-05,
    1.9473693555482896e-06
  ],
  "hard_hist_real": [
    0.0,
    0.0033333334140479565,
    0.03333333507180214,
    0.3199999928474426,
    0.5600000023841858,
    0.03333333507180214,
    0.0,
    0.0,
    0.006666666828095913,
    0.04333333298563957,
    0.0,
    0.0
  ],
  "hard_hist_gen": [
    0.0,
    0.0,
    0.0,
    0.0033333334140479565,
    0.0,
    0.9300000071525574,
    0.06666667014360428,
    0.0,
    0.0,
    0.0,
    0.0,
    0.0
  ],
  "js_soft": 0.16011036932468414,
  "js_hard": 0.6114256381988525,
  "js_mass": 0.2038765251636505,
  "hub_share_real_top1pct": 0.09382086247205734,
  "hub_share_gen_top1pct": 0.01706499047577381
}