{
  "alpha_struct": 1.0,
  "seed": 4,
  "run_tag": "",
  "bin_edges": [
    0.0,
    0.5,
    1.0,
    1.5,
    2.0,
    2.5,
    3.0,
    3.5,
    4.0,
    4.5,
    5.0,
    5.5,
    6.0
  ],
  "soft_hist_real": [
    0.007261944003403187,
    0.037999656051397324,
    0.12948983907699585,
    0.26186689734458923,
    0.2897389829158783,
    0.16722330451011658,
    0.0499107725918293,
    0.012687720358371735,
    0.015132184140384197,
    0.017348632216453552,
    0.009176830761134624,
    0.0021632141433656216
  ],
  "soft_hist_gen": [
    1.2226152648509014e-05,
    0.0004892116994597018,
    0.008650938980281353,
    0.06750733405351639,
    0.23272083699703217,
    0.3561452031135559,
    0.24472898244857788,
    0.07722903043031693,
    0.011613002046942711,
    0.0008693867130205035,
    3.322868360555731e-05,
    6.388040105775872e-07
  ],
  "soft_hist_real_mass": [
    0.0020164689049124718,
    0.014468041248619556,
    0.06235019490122795,
    0.14883176982402802,
    0.18671482801437378,
    0.12008482962846756,
    0.0459691546857357,
    0.05172063037753105,
    0.12305395305156708,
    0.14723728597164154,
    0.07880401611328125,
    0.018748879432678223
  ],
  "soft_hist_gen_mass": [
    1.1621930752880871e-05,
    0.0004681618302129209,
    0.008323959074914455,
    0.06533218920230865,
    0.22709739208221436,
    0.3526313304901123,
    0.24901750683784485,
    0.08254779875278473,
    0.013415135443210602,
    0.0011074487119913101,
    4.644496948458254e-05,
    9.549569313094253e-07
  ],
  "hard_hist_real": [
    0.0,
    0.0033333334140479565,
    0.0533333346247673,
    0.31333333253860474,
    0.54666668176651,
    0.03333333507180214,
    0.0,
    0.0,
    0.006666666828095913,
    0.04333333298563957,
    0.0,
    0.0
  ],
  "hard_hist_gen": [
    0.0,
    0.0,
    0.0,
    0.0,
    0.0033333334140479565,
    0.9466666579246521,
    0.05000000074505806,
    0.0,
    0.0,
    0.0,
    0.0,
    0.0
  ],
  "js_soft": 0.15230435132980347,
  "js_hard": 0.6102458238601685,
  "js_mass": 0.20305857062339783,
  "hub_share_real_top1pct": 0.09268707782030106,
  "hub_share_gen_top1pct": 0.016479365527629852
}