{
  "alpha_struct": 0.0,
  "seed": 2,
  "run_tag": "",
  "bin_edges": [
    0.0,
    0.5,
    1.0,
    1.5,
    2.0,
    2.5,
    3.0,
    3.5,
    4.0,
    4.5,
    5.0,
    5.5,
    6.0
  ],
  "soft_hist_real": [
    0.005617871414870024,
    0.03566940873861313,
    0.12953579425811768,
    0.26378101110458374,
    0.29088887572288513,
    0.16777685284614563,
    0.050186000764369965,
    0.012904683127999306,
    0.015241341665387154,
    0.0172351635992527,
    0.009041248820722103,
    0.002121811965480447
  ],
  "soft_hist_gen": [
    1.0283864867233206e-05,
    0.000431499705882743,
    0.007941555231809616,
    0.06418461352586746,
    0.2282700091600418,
    0.35853487253189087,
    0.25025057792663574,
    0.07841183990240097,
    0.011197838932275772,
    0.0007431824342347682,
    2.336708530492615e-05,
    3.5182208080186683e-07
  ],
  "soft_hist_real_mass": [
    0.0018583298660814762,
    0.014423890970647335,
    0.06291963160037994,
    0.14960922300815582,
    0.18737228214740753,
    0.12063974887132645,
    0.0465393103659153,
    0.05246495455503464,
    0.12285701930522919,
    0.14551225304603577,
    0.07742903381586075,
    0.01837441697716713
  ],
  "soft_hist_gen_mass": [
    1.0023363756772596e-05,
    0.00042116298573091626,
    0.007767342031002045,
    0.0629802793264389,
    0.2251804918050766,
    0.35684481263160706,
    0.2527937591075897,
    0.08112605661153793,
    0.01201075129210949,
    0.0008370227878913283,
    2.786618279060349e-05,
    4.4395397935659275e-07
  ],
  "hard_hist_real": [
    0.0,
    0.0,
    0.046666666865348816,
    0.3499999940395355,
    0.5199999809265137,
    0.03333333507180214,
    0.0,
    0.0,
    0.009999999776482582,
    0.03999999910593033,
    0.0,
    0.0
  ],
  "hard_hist_gen": [
    0.0,
    0.0,
    0.0,
    0.0,
    0.0,
    0.949999988079071,
    0.05000000074505806,
    0.0,
    0.0,
    0.0,
    0.0,
    0.0
  ],
  "js_soft": 0.1559264361858368,
  "js_hard": 0.6203597187995911,
  "js_mass": 0.20589250326156616,
  "hub_share_real_top1pct": 0.09240362793207169,
  "hub_share_gen_top1pct": 0.014726744964718819
}