{
  "alpha_struct": 0.0,
  "seed": 3,
  "run_tag": "",
  "bin_edges": [
    0.0,
    0.5,
    1.0,
    1.5,
    2.0,
    2.5,
    3.0,
    3.5,
    4.0,
    4.5,
    5.0,
    5.5,
    6.0
  ],
  "soft_hist_real": [
    0.006225198041647673,
    0.03585309162735939,
    0.12827108800411224,
    0.26247990131378174,
    0.2917393147945404,
    0.16895301640033722,
    0.05014268308877945,
    0.012627038173377514,
    0.015238898806273937,
    0.017328718677163124,
    0.009040609933435917,
    0.0021005047019571066
  ],
  "soft_hist_gen": [
    1.0094068784383126e-05,
    0.00042323776870034635,
    0.007806605659425259,
    0.06335762143135071,
    0.22657765448093414,
    0.3581942319869995,
    0.2518332004547119,
    0.07954245805740356,
    0.011461588554084301,
    0.0007685296004638076,
    2.4451235731248744e-05,
    3.7305628097783483e-07
  ],
  "soft_hist_real_mass": [
    0.001871850690804422,
    0.014261151663959026,
    0.06244055554270744,
    0.14965783059597015,
    0.18857279419898987,
    0.12109774351119995,
    0.04574626311659813,
    0.05199655890464783,
    0.12346480786800385,
    0.1458805650472641,
    0.07694995403289795,
    0.018059993162751198
  ],
  "soft_hist_gen_mass": [
    9.783157111087348e-06,
    0.00041160729597322643,
    0.007618219591677189,
    0.06208746135234833,
    0.22336535155773163,
    0.3564526438713074,
    0.2544742524623871,
    0.08236903697252274,
    0.012314093299210072,
    0.0008678477606736124,
    2.9263392207212746e-05,
    4.727264411030774e-07
  ],
  "hard_hist_real": [
    0.0,
    0.0033333334140479565,
    0.03333333507180214,
    0.3199999928474426,
    0.5600000023841858,
    0.03333333507180214,
    0.0,
    0.0,
    0.006666666828095913,
    0.04333333298563957,
    0.0,
    0.0
  ],
  "hard_hist_gen": [
    0.0,
    0.0,
    0.0,
    0.0,
    0.0,
    0.949999988079071,
    0.05000000074505806,
    0.0,
    0.0,
    0.0,
    0.0,
    0.0
  ],
  "js_soft": 0.15676471590995789,
  "js_hard": 0.6203597187995911,
  "js_mass": 0.20650091767311096,
  "hub_share_real_top1pct": 0.09382086247205734,
  "hub_share_gen_top1pct": 0.014738031663000584
}