{
  "alpha_struct": 0.1,
  "seed": 4,
  "run_tag": "",
  "bin_edges": [
    0.0,
    0.5,
    1.0,
    1.5,
    2.0,
    2.5,
    3.0,
    3.5,
    4.0,
    4.5,
    5.0,
    5.5,
    6.0
  ],
  "soft_hist_real": [
    0.007261944003403187,
    0.037999656051397324,
    0.12948983907699585,
    0.26186689734458923,
    0.2897389829158783,
    0.16722330451011658,
    0.0499107725918293,
    0.012687720358371735,
    0.015132184140384197,
    0.017348632216453552,
    0.009176830761134624,
    0.0021632141433656216
  ],
  "soft_hist_gen": [
    1.0902638678089716e-05,
    0.0004514830943662673,
    0.008205481804907322,
    0.06552371382713318,
    0.23039063811302185,
    0.35815274715423584,
    0.24796536564826965,
    0.07741615921258926,
    0.011108226142823696,
    0.0007504794630222023,
    2.4404733267147094e-05,
    3.852008205740276e-07
  ],
  "soft_hist_real_mass": [
    0.0020164689049124718,
    0.014468041248619556,
    0.06235019490122795,
    0.14883176982402802,
    0.18671482801437378,
    0.12008482962846756,
    0.0459691546857357,
    0.05172063037753105,
    0.12305395305156708,
    0.14723728597164154,
    0.07880401611328125,
    0.018748879432678223
  ],
  "soft_hist_gen_mass": [
    1.05858080132748e-05,
    0.00043915165588259697,
    0.00800061784684658,
    0.0641198381781578,
    0.22679480910301208,
    0.3561488091945648,
    0.25089266896247864,
    0.08061141520738602,
    0.012085480615496635,
    0.0008660414023324847,
    3.0096860427875072e-05,
    5.052166898167343e-07
  ],
  "hard_hist_real": [
    0.0,
    0.0033333334140479565,
    0.0533333346247673,
    0.31333333253860474,
    0.54666668176651,
    0.03333333507180214,
    0.0,
    0.0,
    0.006666666828095913,
    0.04333333298563957,
    0.0,
    0.0
  ],
  "hard_hist_gen": [
    0.0,
    0.0,
    0.0,
    0.0,
    0.0,
    0.949999988079071,
    0.05000000074505806,
    0.0,
    0.0,
    0.0,
    0.0,
    0.0
  ],
  "js_soft": 0.15527033805847168,
  "js_hard": 0.6203597187995911,
  "js_mass": 0.20632204413414001,
  "hub_share_real_top1pct": 0.09268707782030106,
  "hub_share_gen_top1pct": 0.015088709071278572
}