{
  "alpha_struct": 5.0,
  "seed": 5,
  "run_tag": "",
  "bin_edges": [
    0.0,
    0.5,
    1.0,
    1.5,
    2.0,
    2.5,
    3.0,
    3.5,
    4.0,
    4.5,
    5.0,
    5.5,
    6.0
  ],
  "soft_hist_real": [
    0.007304979953914881,
    0.03844282031059265,
    0.1305759698152542,
    0.2621959149837494,
    0.2890004813671112,
    0.16659767925739288,
    0.04948832467198372,
    0.012449071742594242,
    0.015058208256959915,
    0.017432397231459618,
    0.009264803491532803,
    0.0021892907097935677
  ],
  "soft_hist_gen": [
    8.472047920804471e-05,
    0.0008334499434567988,
    0.00845974963158369,
    0.061060503125190735,
    0.21690334379673004,
    0.3502092659473419,
    0.257482647895813,
    0.08863914757966995,
    0.014966833405196667,
    0.0013001098996028304,
    5.887679799343459e-05,
    1.3431375691652647e-06
  ],
  "soft_hist_real_mass": [
    0.0020399955101311207,
    0.014619605615735054,
    0.06254785507917404,
    0.1485380232334137,
    0.18609659373760223,
    0.11937624961137772,
    0.04521984979510307,
    0.05114450678229332,
    0.12329333275556564,
    0.14843565225601196,
    0.07969456166028976,
    0.01899377629160881
  ],
  "soft_hist_gen_mass": [
    2.680326724657789e-05,
    0.000478787231259048,
    0.007204319350421429,
    0.05727136507630348,
    0.20891113579273224,
    0.34527137875556946,
    0.2638310194015503,
    0.09706544876098633,
    0.01809042878448963,
    0.001759495586156845,
    8.765423262957484e-05,
    2.127335164914257e-06
  ],
  "hard_hist_real": [
    0.0,
    0.0033333334140479565,
    0.05000000074505806,
    0.33000001311302185,
    0.550000011920929,
    0.01666666753590107,
    0.0,
    0.0,
    0.006666666828095913,
    0.04333333298563957,
    0.0,
    0.0
  ],
  "hard_hist_gen": [
    0.0,
    0.0,
    0.0,
    0.0033333334140479565,
    0.0033333334140479565,
    0.9233333468437195,
    0.07000000029802322,
    0.0,
    0.0,
    0.0,
    0.0,
    0.0
  ],
  "js_soft": 0.16183102130889893,
  "js_hard": 0.631769061088562,
  "js_mass": 0.20637626945972443,
  "hub_share_real_top1pct": 0.09353741258382797,
  "hub_share_gen_top1pct": 0.01719849184155464
}