{
  "alpha_struct": 2.0,
  "seed": 3,
  "run_tag": "",
  "bin_edges": [
    0.0,
    0.5,
    1.0,
    1.5,
    2.0,
    2.5,
    3.0,
    3.5,
    4.0,
    4.5,
    5.0,
    5.5,
    6.0
  ],
  "soft_hist_real": [
    0.006225198041647673,
    0.03585309162735939,
    0.12827108800411224,
    0.26247990131378174,
    0.2917393147945404,
    0.16895301640033722,
    0.05014268308877945,
    0.012627038173377514,
    0.015238898806273937,
    0.017328718677163124,
    0.009040609933435917,
    0.0021005047019571066
  ],
  "soft_hist_gen": [
    0.0004681205900851637,
    0.0018328214064240456,
    0.009945309720933437,
    0.06445202231407166,
    0.2239200621843338,
    0.3527619540691376,
    0.25053930282592773,
    0.08208808302879333,
    0.012924165464937687,
    0.001025326899252832,
    4.197701855446212e-05,
    8.681112149133696e-07
  ],
  "soft_hist_real_mass": [
    0.001871850690804422,
    0.014261151663959026,
    0.06244055554270744,
    0.14965783059597015,
    0.18857279419898987,
    0.12109774351119995,
    0.04574626311659813,
    0.05199655890464783,
    0.12346480786800385,
    0.1458805650472641,
    0.07694995403289795,
    0.018059993162751198
  ],
  "soft_hist_gen_mass": [
    7.564614497823641e-05,
    0.0006340501713566482,
    0.00790734775364399,
    0.061214447021484375,
    0.21847310662269592,
    0.3502240478992462,
    0.25626134872436523,
    0.08861939609050751,
    0.015190343372523785,
    0.0013385657221078873,
    6.033698809915222e-05,
    1.3339576980797574e-06
  ],
  "hard_hist_real": [
    0.0,
    0.0033333334140479565,
    0.03333333507180214,
    0.3199999928474426,
    0.5600000023841858,
    0.03333333507180214,
    0.0,
    0.0,
    0.006666666828095913,
    0.04333333298563957,
    0.0,
    0.0
  ],
  "hard_hist_gen": [
    0.0,
    0.0,
    0.0033333334140479565,
    0.0033333334140479565,
    0.0,
    0.9433333277702332,
    0.05000000074505806,
    0.0,
    0.0,
    0.0,
    0.0,
    0.0
  ],
  "js_soft": 0.1506805717945099,
  "js_hard": 0.6056075096130371,
  "js_mass": 0.2024289220571518,
  "hub_share_real_top1pct": 0.09382086247205734,
  "hub_share_gen_top1pct": 0.016867980360984802
}