{
  "alpha_struct": 2.0,
  "seed": 4,
  "run_tag": "",
  "bin_edges": [
    0.0,
    0.5,
    1.0,
    1.5,
    2.0,
    2.5,
    3.0,
    3.5,
    4.0,
    4.5,
    5.0,
    5.5,
    6.0
  ],
  "soft_hist_real": [
    0.007261944003403187,
    0.037999656051397324,
    0.12948983907699585,
    0.26186689734458923,
    0.2897389829158783,
    0.16722330451011658,
    0.0499107725918293,
    0.012687720358371735,
    0.015132184140384197,
    0.017348632216453552,
    0.009176830761134624,
    0.0021632141433656216
  ],
  "soft_hist_gen": [
    1.2463671737350523e-05,
    0.00047918956261128187,
    0.008376055397093296,
    0.06553937494754791,
    0.2282417267560959,
    0.35454922914505005,
    0.24851882457733154,
    0.0806165412068367,
    0.012623459100723267,
    0.001001083175651729,
    4.109529254492372e-05,
    8.520248684362741e-07
  ],
  "soft_hist_real_mass": [
    0.0020164689049124718,
    0.014468041248619556,
    0.06235019490122795,
    0.14883176982402802,
    0.18671482801437378,
    0.12008482962846756,
    0.0459691546857357,
    0.05172063037753105,
    0.12305395305156708,
    0.14723728597164154,
    0.07880401611328125,
    0.018748879432678223
  ],
  "soft_hist_gen_mass": [
    1.1328550499456469e-05,
    0.00044766420614905655,
    0.00795056577771902,
    0.06290607154369354,
    0.22160884737968445,
    0.3503294289112091,
    0.2534644901752472,
    0.0870216116309166,
    0.01488493476063013,
    0.0013142658863216639,
    5.941525523667224e-05,
    1.315436520599178e-06
  ],
  "hard_hist_real": [
    0.0,
    0.0033333334140479565,
    0.0533333346247673,
    0.31333333253860474,
    0.54666668176651,
    0.03333333507180214,
    0.0,
    0.0,
    0.006666666828095913,
    0.04333333298563957,
    0.0,
    0.0
  ],
  "hard_hist_gen": [
    0.0,
    0.0,
    0.0,
    0.0,
    0.0033333334140479565,
    0.9433333277702332,
    0.0533333346247673,
    0.0,
    0.0,
    0.0,
    0.0,
    0.0
  ],
  "js_soft": 0.15518076717853546,
  "js_hard": 0.610303521156311,
  "js_mass": 0.20329883694648743,
  "hub_share_real_top1pct": 0.09268707782030106,
  "hub_share_gen_top1pct": 0.01685699075460434
}