{
  "alpha_struct": 2.0,
  "seed": 2,
  "run_tag": "",
  "bin_edges": [
    0.0,
    0.5,
    1.0,
    1.5,
    2.0,
    2.5,
    3.0,
    3.5,
    4.0,
    4.5,
    5.0,
    5.5,
    6.0
  ],
  "soft_hist_real": [
    0.005617871414870024,
    0.03566940873861313,
    0.12953579425811768,
    0.26378101110458374,
    0.29088887572288513,
    0.16777685284614563,
    0.050186000764369965,
    0.012904683127999306,
    0.015241341665387154,
    0.0172351635992527,
    0.009041248820722103,
    0.002121811965480447
  ],
  "soft_hist_gen": [
    1.0412784831714816e-05,
    0.0004332489625085145,
    0.0079152537509799,
    0.06359419971704483,
    0.22540004551410675,
    0.3547595143318176,
    0.2513788044452667,
    0.08237122744321823,
    0.013043074868619442,
    0.0010493762092664838,
    4.3878382712136954e-05,
    9.288613682656433e-07
  ],
  "soft_hist_real_mass": [
    0.0018583298660814762,
    0.014423890970647335,
    0.06291963160037994,
    0.14960922300815582,
    0.18737228214740753,
    0.12063974887132645,
    0.0465393103659153,
    0.05246495455503464,
    0.12285701930522919,
    0.14551225304603577,
    0.07742903381586075,
    0.01837441697716713
  ],
  "soft_hist_gen_mass": [
    9.937300092133228e-06,
    0.0004143171536270529,
    0.00759148970246315,
    0.06127659231424332,
    0.21898479759693146,
    0.35016506910324097,
    0.25593018531799316,
    0.08879407495260239,
    0.015386448241770267,
    0.0013818261213600636,
    6.374247459461913e-05,
    1.4414721363209537e-06
  ],
  "hard_hist_real": [
    0.0,
    0.0,
    0.046666666865348816,
    0.3499999940395355,
    0.5199999809265137,
    0.03333333507180214,
    0.0,
    0.0,
    0.009999999776482582,
    0.03999999910593033,
    0.0,
    0.0
  ],
  "hard_hist_gen": [
    0.0,
    0.0,
    0.0,
    0.0,
    0.0,
    0.9466666579246521,
    0.0533333346247673,
    0.0,
    0.0,
    0.0,
    0.0,
    0.0
  ],
  "js_soft": 0.1566835641860962,
  "js_hard": 0.6204173564910889,
  "js_mass": 0.20255501568317413,
  "hub_share_real_top1pct": 0.09240362793207169,
  "hub_share_gen_top1pct": 0.016931043937802315
}