{
  "alpha_struct": 2.0,
  "seed": 1,
  "run_tag": "",
  "bin_edges": [
    0.0,
    0.5,
    1.0,
    1.5,
    2.0,
    2.5,
    3.0,
    3.5,
    4.0,
    4.5,
    5.0,
    5.5,
    6.0
  ],
  "soft_hist_real": [
    0.006784317083656788,
    0.0372118279337883,
    0.12971408665180206,
    0.2631380558013916,
    0.2902301549911499,
    0.1668267399072647,
    0.04962190240621567,
    0.012622729875147343,
    0.015130884014070034,
    0.017368551343679428,
    0.009186125360429287,
    0.0021645701490342617
  ],
  "soft_hist_gen": [
    1.0187868610955775e-05,
    0.00042554494575597346,
    0.007805041968822479,
    0.06296123564243317,
    0.224106103181839,
    0.35438600182533264,
    0.2525179982185364,
    0.08333569765090942,
    0.013320796191692352,
    0.0010844557546079159,
    4.5934375521028414e-05,
    9.84535290626809e-07
  ],
  "soft_hist_real_mass": [
    0.0019601788371801376,
    0.01446511596441269,
    0.06269984692335129,
    0.1492832601070404,
    0.18652687966823578,
    0.11950897425413132,
    0.04567454010248184,
    0.0516512356698513,
    0.12317858636379242,
    0.147419273853302,
    0.07887047529220581,
    0.01876157522201538
  ],
  "soft_hist_gen_mass": [
    9.708116522233468e-06,
    0.0004063449159730226,
    0.007475042715668678,
    0.06058713048696518,
    0.21749748289585114,
    0.3495975434780121,
    0.2571713328361511,
    0.0899871364235878,
    0.01576574705541134,
    0.0014339819317683578,
    6.699391815345734e-05,
    1.5329072766689933e-06
  ],
  "hard_hist_real": [
    0.0,
    0.0033333334140479565,
    0.0533333346247673,
    0.33000001311302185,
    0.5233333110809326,
    0.03999999910593033,
    0.0,
    0.0,
    0.0033333334140479565,
    0.046666666865348816,
    0.0,
    0.0
  ],
  "hard_hist_gen": [
    0.0,
    0.0,
    0.0,
    0.0,
    0.0,
    0.9433333277702332,
    0.05666666850447655,
    0.0,
    0.0,
    0.0,
    0.0,
    0.0
  ],
  "js_soft": 0.15925845503807068,
  "js_hard": 0.6095181703567505,
  "js_mass": 0.20510390400886536,
  "hub_share_real_top1pct": 0.09353741258382797,
  "hub_share_gen_top1pct": 0.01696397177875042
}