{
  "alpha_struct": 0.0,
  "seed": 1,
  "run_tag": "",
  "bin_edges": [
    0.0,
    0.5,
    1.0,
    1.5,
    2.0,
    2.5,
    3.0,
    3.5,
    4.0,
    4.5,
    5.0,
    5.5,
    6.0
  ],
  "soft_hist_real": [
    0.006784317083656788,
    0.0372118279337883,
    0.12971408665180206,
    0.2631380558013916,
    0.2902301549911499,
    0.1668267399072647,
    0.04962190240621567,
    0.012622729875147343,
    0.015130884014070034,
    0.017368551343679428,
    0.009186125360429287,
    0.0021645701490342617
  ],
  "soft_hist_gen": [
    1.0218373063253239e-05,
    0.0004291802179068327,
    0.007907837629318237,
    0.06399330496788025,
    0.22790753841400146,
    0.35850080847740173,
    0.25060778856277466,
    0.07863308489322662,
    0.011240363121032715,
    0.0007461076020263135,
    2.3433545720763505e-05,
    3.519741653690289e-07
  ],
  "soft_hist_real_mass": [
    0.0019601788371801376,
    0.01446511596441269,
    0.06269984692335129,
    0.1492832601070404,
    0.18652687966823578,
    0.11950897425413132,
    0.04567454010248184,
    0.0516512356698513,
    0.12317858636379242,
    0.147419273853302,
    0.07887047529220581,
    0.01876157522201538
  ],
  "soft_hist_gen_mass": [
    9.956344911188353e-06,
    0.00041880185017362237,
    0.007733246311545372,
    0.0627887174487114,
    0.22482462227344513,
    0.35682451725006104,
    0.2531498968601227,
    0.08133524656295776,
    0.012047650292515755,
    0.0008390804287046194,
    2.7880345442099497e-05,
    4.428048612226121e-07
  ],
  "hard_hist_real": [
    0.0,
    0.0033333334140479565,
    0.0533333346247673,
    0.33000001311302185,
    0.5233333110809326,
    0.03999999910593033,
    0.0,
    0.0,
    0.0033333334140479565,
    0.046666666865348816,
    0.0,
    0.0
  ],
  "hard_hist_gen": [
    0.0,
    0.0,
    0.0,
    0.0,
    0.0,
    0.949999988079071,
    0.05000000074505806,
    0.0,
    0.0,
    0.0,
    0.0,
    0.0
  ],
  "js_soft": 0.15781985223293304,
  "js_hard": 0.6093802452087402,
  "js_mass": 0.2083832025527954,
  "hub_share_real_top1pct": 0.09353741258382797,
  "hub_share_gen_top1pct": 0.01466405764222145
}