{
  "alpha_struct": 0.5,
  "seed": 5,
  "run_tag": "",
  "bin_edges": [
    0.0,
    0.5,
    1.0,
    1.5,
    2.0,
    2.5,
    3.0,
    3.5,
    4.0,
    4.5,
    5.0,
    5.5,
    6.0
  ],
  "soft_hist_real": [
    0.007304979953914881,
    0.03844282031059265,
    0.1305759698152542,
    0.2621959149837494,
    0.2890004813671112,
    0.16659767925739288,
    0.04948832467198372,
    0.012449071742594242,
    0.015058208256959915,
    0.017432397231459618,
    0.009264803491532803,
    0.0021892907097935677
  ],
  "soft_hist_gen": [
    1.1663871191558428e-05,
    0.0004762622120324522,
    0.00853151734918356,
    0.06713507324457169,
    0.23268041014671326,
    0.35707738995552063,
    0.24517488479614258,
    0.07676930725574493,
    0.011301708407700062,
    0.0008120040874928236,
    2.9225131584098563e-05,
    5.24516906352801e-07
  ],
  "soft_hist_real_mass": [
    0.0020399955101311207,
    0.014619605615735054,
    0.06254785507917404,
    0.1485380232334137,
    0.18609659373760223,
    0.11937624961137772,
    0.04521984979510307,
    0.05114450678229332,
    0.12329333275556564,
    0.14843565225601196,
    0.07969456166028976,
    0.01899377629160881
  ],
  "soft_hist_gen_mass": [
    1.126312963606324e-05,
    0.0004605974245350808,
    0.008269427344202995,
    0.06531413644552231,
    0.2278810739517212,
    0.3541100025177002,
    0.24889998137950897,
    0.08124496042728424,
    0.012769792228937149,
    0.0009987849043682218,
    3.917327558156103e-05,
    7.522605187659792e-07
  ],
  "hard_hist_real": [
    0.0,
    0.0033333334140479565,
    0.05000000074505806,
    0.33000001311302185,
    0.550000011920929,
    0.01666666753590107,
    0.0,
    0.0,
    0.006666666828095913,
    0.04333333298563957,
    0.0,
    0.0
  ],
  "hard_hist_gen": [
    0.0,
    0.0,
    0.0,
    0.0,
    0.0,
    0.949999988079071,
    0.05000000074505806,
    0.0,
    0.0,
    0.0,
    0.0,
    0.0
  ],
  "js_soft": 0.153987318277359,
  "js_hard": 0.6510490775108337,
  "js_mass": 0.2058010697364807,
  "hub_share_real_top1pct": 0.09353741258382797,
  "hub_share_gen_top1pct": 0.016044678166508675
}