{
  "alpha_struct": 0.0,
  "seed": 5,
  "run_tag": "",
  "bin_edges": [
    0.0,
    0.5,
    1.0,
    1.5,
    2.0,
    2.5,
    3.0,
    3.5,
    4.0,
    4.5,
    5.0,
    5.5,
    6.0
  ],
  "soft_hist_real": [
    0.007304979953914881,
    0.03844282031059265,
    0.1305759698152542,
    0.2621959149837494,
    0.2890004813671112,
    0.16659767925739288,
    0.04948832467198372,
    0.012449071742594242,
    0.015058208256959915,
    0.017432397231459618,
    0.009264803491532803,
    0.0021892907097935677
  ],
  "soft_hist_gen": [
    1.0335449587728363e-05,
    0.00043310632463544607,
    0.007961857132613659,
    0.06428159773349762,
    0.22840602695941925,
    0.3584812581539154,
    0.25009414553642273,
    0.0783628523349762,
    0.01120008621364832,
    0.0007448866381309927,
    2.3506401703343727e-05,
    3.557183276825526e-07
  ],
  "soft_hist_real_mass": [
    0.0020399955101311207,
    0.014619605615735054,
    0.06254785507917404,
    0.1485380232334137,
    0.18609659373760223,
    0.11937624961137772,
    0.04521984979510307,
    0.05114450678229332,
    0.12329333275556564,
    0.14843565225601196,
    0.07969456166028976,
    0.01899377629160881
  ],
  "soft_hist_gen_mass": [
    1.0067757102660835e-05,
    0.0004225183220114559,
    0.00778388325124979,
    0.0630536898970604,
    0.2252596765756607,
    0.3567597270011902,
    0.25268182158470154,
    0.08112891018390656,
    0.012030195444822311,
    0.0008409595466218889,
    2.812651655403897e-05,
    4.50646837180102e-07
  ],
  "hard_hist_real": [
    0.0,
    0.0033333334140479565,
    0.05000000074505806,
    0.33000001311302185,
    0.550000011920929,
    0.01666666753590107,
    0.0,
    0.0,
    0.006666666828095913,
    0.04333333298563957,
    0.0,
    0.0
  ],
  "hard_hist_gen": [
    0.0,
    0.0,
    0.0,
    0.0,
    0.0,
    0.949999988079071,
    0.05000000074505806,
    0.0,
    0.0,
    0.0,
    0.0,
    0.0
  ],
  "js_soft": 0.15825335681438446,
  "js_hard": 0.6510490775108337,
  "js_mass": 0.209201842546463,
  "hub_share_real_top1pct": 0.09353741258382797,
  "hub_share_gen_top1pct": 0.01473101694136858
}