{
  "alpha_struct": 10.0,
  "seed": 3,
  "run_tag": "",
  "bin_edges": [
    0.0,
    0.5,
    1.0,
    1.5,
    2.0,
    2.5,
    3.0,
    3.5,
    4.0,
    4.5,
    5.0,
    5.5,
    6.0
  ],
  "soft_hist_real": [
    0.006225198041647673,
    0.03585309162735939,
    0.12827108800411224,
    0.26247990131378174,
    0.2917393147945404,
    0.16895301640033722,
    0.05014268308877945,
    0.012627038173377514,
    0.015238898806273937,
    0.017328718677163124,
    0.009040609933435917,
    0.0021005047019571066
  ],
  "soft_hist_gen": [
    6.003952876199037e-05,
    0.0008015428320504725,
    0.008626447059214115,
    0.060162127017974854,
    0.21200135350227356,
    0.34690946340560913,
    0.26130858063697815,
    0.09259048849344254,
    0.016055356711149216,
    0.0014184382744133472,
    6.461258453782648e-05,
    1.4754911035197438e-06
  ],
  "soft_hist_real_mass": [
    0.001871850690804422,
    0.014261151663959026,
    0.06244055554270744,
    0.14965783059597015,
    0.18857279419898987,
    0.12109774351119995,
    0.04574626311659813,
    0.05199655890464783,
    0.12346480786800385,
    0.1458805650472641,
    0.07694995403289795,
    0.018059993162751198
  ],
  "soft_hist_gen_mass": [
    2.3885659174993634e-05,
    0.00048614831757731736,
    0.00707290880382061,
    0.055168360471725464,
    0.20276875793933868,
    0.34231802821159363,
    0.26897889375686646,
    0.10180611163377762,
    0.019377222284674644,
    0.001902417978271842,
    9.494692494627088e-05,
    2.307611794094555e-06
  ],
  "hard_hist_real": [
    0.0,
    0.0033333334140479565,
    0.03333333507180214,
    0.3199999928474426,
    0.5600000023841858,
    0.03333333507180214,
    0.0,
    0.0,
    0.006666666828095913,
    0.04333333298563957,
    0.0,
    0.0
  ],
  "hard_hist_gen": [
    0.0,
    0.0,
    0.0,
    0.0033333334140479565,
    0.009999999776482582,
    0.903333306312561,
    0.0833333358168602,
    0.0,
    0.0,
    0.0,
    0.0,
    0.0
  ],
  "js_soft": 0.16123470664024353,
  "js_hard": 0.5867307186126709,
  "js_mass": 0.204066663980484,
  "hub_share_real_top1pct": 0.09382086247205734,
  "hub_share_gen_top1pct": 0.017046811059117317
}