{
  "alpha_struct": 0.1,
  "seed": 2,
  "run_tag": "",
  "bin_edges": [
    0.0,
    0.5,
    1.0,
    1.5,
    2.0,
    2.5,
    3.0,
    3.5,
    4.0,
    4.5,
    5.0,
    5.5,
    6.0
  ],
  "soft_hist_real": [
    0.005617871414870024,
    0.03566940873861313,
    0.12953579425811768,
    0.26378101110458374,
    0.29088887572288513,
    0.16777685284614563,
    0.050186000764369965,
    0.012904683127999306,
    0.015241341665387154,
    0.0172351635992527,
    0.009041248820722103,
    0.002121811965480447
  ],
  "soft_hist_gen": [
    1.0671541531337425e-05,
    0.0004441880446393043,
    0.008110231719911098,
    0.06503534317016602,
    0.22955656051635742,
    0.3581349849700928,
    0.24878621101379395,
    0.07792087644338608,
    0.01121562160551548,
    0.0007601529359817505,
    2.4803397536743432e-05,
    3.929387162315834e-07
  ],
  "soft_hist_real_mass": [
    0.0018583298660814762,
    0.014423890970647335,
    0.06291963160037994,
    0.14960922300815582,
    0.18737228214740753,
    0.12063974887132645,
    0.0465393103659153,
    0.05246495455503464,
    0.12285701930522919,
    0.14551225304603577,
    0.07742903381586075,
    0.01837441697716713
  ],
  "soft_hist_gen_mass": [
    1.0373025361332111e-05,
    0.00043238772195763886,
    0.007911584340035915,
    0.0636582300066948,
    0.22598935663700104,
    0.35610154271125793,
    0.25167325139045715,
    0.08111574500799179,
    0.012199320830404758,
    0.0008770866552367806,
    3.0589748348575085e-05,
    5.154716973265749e-07
  ],
  "hard_hist_real": [
    0.0,
    0.0,
    0.046666666865348816,
    0.3499999940395355,
    0.5199999809265137,
    0.03333333507180214,
    0.0,
    0.0,
    0.009999999776482582,
    0.03999999910593033,
    0.0,
    0.0
  ],
  "hard_hist_gen": [
    0.0,
    0.0,
    0.0,
    0.0,
    0.0,
    0.949999988079071,
    0.05000000074505806,
    0.0,
    0.0,
    0.0,
    0.0,
    0.0
  ],
  "js_soft": 0.15464799106121063,
  "js_hard": 0.6203597187995911,
  "js_mass": 0.2049216628074646,
  "hub_share_real_top1pct": 0.09240362793207169,
  "hub_share_gen_top1pct": 0.015119731426239014
}