{
  "alpha_struct": 0.1,
  "seed": 1,
  "run_tag": "",
  "bin_edges": [
    0.0,
    0.5,
    1.0,
    1.5,
    2.0,
    2.5,
    3.0,
    3.5,
    4.0,
    4.5,
    5.0,
    5.5,
    6.0
  ],
  "soft_hist_real": [
    0.006784317083656788,
    0.0372118279337883,
    0.12971408665180206,
    0.2631380558013916,
    0.2902301549911499,
    0.1668267399072647,
    0.04962190240621567,
    0.012622729875147343,
    0.015130884014070034,
    0.017368551343679428,
    0.009186125360429287,
    0.0021645701490342617
  ],
  "soft_hist_gen": [
    1.0893370017583948e-05,
    0.00045153399696573615,
    0.008210856467485428,
    0.06558135896921158,
    0.23058314621448517,
    0.3583199977874756,
    0.2478434145450592,
    0.07720847427845001,
    0.011027541011571884,
    0.000738699221983552,
    2.3701069949311204e-05,
    3.675335165098659e-07
  ],
  "soft_hist_real_mass": [
    0.0019601788371801376,
    0.01446511596441269,
    0.06269984692335129,
    0.1492832601070404,
    0.18652687966823578,
    0.11950897425413132,
    0.04567454010248184,
    0.0516512356698513,
    0.12317858636379242,
    0.147419273853302,
    0.07887047529220581,
    0.01876157522201538
  ],
  "soft_hist_gen_mass": [
    1.0592677426757291e-05,
    0.00043973358697257936,
    0.008013836108148098,
    0.06422900408506393,
    0.22712747752666473,
    0.3564237356185913,
    0.2506753206253052,
    0.08025552332401276,
    0.011948993429541588,
    0.0008463662816211581,
    2.8936710805282928e-05,
    4.7644095957366517e-07
  ],
  "hard_hist_real": [
    0.0,
    0.0033333334140479565,
    0.0533333346247673,
    0.33000001311302185,
    0.5233333110809326,
    0.03999999910593033,
    0.0,
    0.0,
    0.0033333334140479565,
    0.046666666865348816,
    0.0,
    0.0
  ],
  "hard_hist_gen": [
    0.0,
    0.0,
    0.0,
    0.0,
    0.0,
    0.949999988079071,
    0.05000000074505806,
    0.0,
    0.0,
    0.0,
    0.0,
    0.0
  ],
  "js_soft": 0.15545055270195007,
  "js_hard": 0.6093802452087402,
  "js_mass": 0.20710009336471558,
  "hub_share_real_top1pct": 0.09353741258382797,
  "hub_share_gen_top1pct": 0.01496373675763607
}