{
  "alpha_struct": 0.5,
  "seed": 3,
  "run_tag": "",
  "bin_edges": [
    0.0,
    0.5,
    1.0,
    1.5,
    2.0,
    2.5,
    3.0,
    3.5,
    4.0,
    4.5,
    5.0,
    5.5,
    6.0
  ],
  "soft_hist_real": [
    0.006225198041647673,
    0.03585309162735939,
    0.12827108800411224,
    0.26247990131378174,
    0.2917393147945404,
    0.16895301640033722,
    0.05014268308877945,
    0.012627038173377514,
    0.015238898806273937,
    0.017328718677163124,
    0.009040609933435917,
    0.0021005047019571066
  ],
  "soft_hist_gen": [
    1.845175756898243e-05,
    0.0005390827427618206,
    0.008612250909209251,
    0.066021628677845,
    0.2294030487537384,
    0.3560340106487274,
    0.24789771437644958,
    0.07879602164030075,
    0.011784648522734642,
    0.0008610118529759347,
    3.154688602080569e-05,
    5.768202981926152e-07
  ],
  "soft_hist_real_mass": [
    0.001871850690804422,
    0.014261151663959026,
    0.06244055554270744,
    0.14965783059597015,
    0.18857279419898987,
    0.12109774351119995,
    0.04574626311659813,
    0.05199655890464783,
    0.12346480786800385,
    0.1458805650472641,
    0.07694995403289795,
    0.018059993162751198
  ],
  "soft_hist_gen_mass": [
    1.3668680367118213e-05,
    0.00047190478653647006,
    0.008094017393887043,
    0.0637023076415062,
    0.22435858845710754,
    0.35332584381103516,
    0.25203007459640503,
    0.0835496112704277,
    0.013348366133868694,
    0.0010623796842992306,
    4.2439009121153504e-05,
    8.304234597744653e-07
  ],
  "hard_hist_real": [
    0.0,
    0.0033333334140479565,
    0.03333333507180214,
    0.3199999928474426,
    0.5600000023841858,
    0.03333333507180214,
    0.0,
    0.0,
    0.006666666828095913,
    0.04333333298563957,
    0.0,
    0.0
  ],
  "hard_hist_gen": [
    0.0,
    0.0,
    0.0,
    0.0,
    0.0033333334140479565,
    0.9466666579246521,
    0.05000000074505806,
    0.0,
    0.0,
    0.0,
    0.0,
    0.0
  ],
  "js_soft": 0.15256619453430176,
  "js_hard": 0.6102057695388794,
  "js_mass": 0.20318853855133057,
  "hub_share_real_top1pct": 0.09382086247205734,
  "hub_share_gen_top1pct": 0.016145329922437668
}