{
  "alpha_struct": 1.0,
  "seed": 3,
  "run_tag": "",
  "bin_edges": [
    0.0,
    0.5,
    1.0,
    1.5,
    2.0,
    2.5,
    3.0,
    3.5,
    4.0,
    4.5,
    5.0,
    5.5,
    6.0
  ],
  "soft_hist_real": [
    0.006225198041647673,
    0.03585309162735939,
    0.12827108800411224,
    0.26247990131378174,
    0.2917393147945404,
    0.16895301640033722,
    0.05014268308877945,
    0.012627038173377514,
    0.015238898806273937,
    0.017328718677163124,
    0.009040609933435917,
    0.0021005047019571066
  ],
  "soft_hist_gen": [
    0.00033552790409885347,
    0.0015579593600705266,
    0.010010876692831516,
    0.06622980535030365,
    0.22751322388648987,
    0.3538494110107422,
    0.24769814312458038,
    0.0796378031373024,
    0.01219967845827341,
    0.0009305686689913273,
    3.625960380304605e-05,
    7.112109869922278e-07
  ],
  "soft_hist_real_mass": [
    0.001871850690804422,
    0.014261151663959026,
    0.06244055554270744,
    0.14965783059597015,
    0.18857279419898987,
    0.12109774351119995,
    0.04574626311659813,
    0.05199655890464783,
    0.12346480786800385,
    0.1458805650472641,
    0.07694995403289795,
    0.018059993162751198
  ],
  "soft_hist_gen_mass": [
    6.221732473932207e-05,
    0.0006283982656896114,
    0.008227415382862091,
    0.06310944259166718,
    0.22239939868450165,
    0.35169702768325806,
    0.2530359923839569,
    0.08545070886611938,
    0.014147171750664711,
    0.0011902475962415338,
    5.0912036385852844e-05,
    1.0685088227546657e-06
  ],
  "hard_hist_real": [
    0.0,
    0.0033333334140479565,
    0.03333333507180214,
    0.3199999928474426,
    0.5600000023841858,
    0.03333333507180214,
    0.0,
    0.0,
    0.006666666828095913,
    0.04333333298563957,
    0.0,
    0.0
  ],
  "hard_hist_gen": [
    0.0,
    0.0,
    0.0033333334140479565,
    0.0033333334140479565,
    0.0,
    0.9433333277702332,
    0.05000000074505806,
    0.0,
    0.0,
    0.0,
    0.0,
    0.0
  ],
  "js_soft": 0.1489507555961609,
  "js_hard": 0.6056075096130371,
  "js_mass": 0.2020864188671112,
  "hub_share_real_top1pct": 0.09382086247205734,
  "hub_share_gen_top1pct": 0.01662423461675644
}