{
  "alpha_struct": 0.1,
  "seed": 5,
  "run_tag": "",
  "bin_edges": [
    0.0,
    0.5,
    1.0,
    1.5,
    2.0,
    2.5,
    3.0,
    3.5,
    4.0,
    4.5,
    5.0,
    5.5,
    6.0
  ],
  "soft_hist_real": [
    0.007304979953914881,
    0.03844282031059265,
    0.1305759698152542,
    0.2621959149837494,
    0.2890004813671112,
    0.16659767925739288,
    0.04948832467198372,
    0.012449071742594242,
    0.015058208256959915,
    0.017432397231459618,
    0.009264803491532803,
    0.0021892907097935677
  ],
  "soft_hist_gen": [
    1.1177429769304581e-05,
    0.00046098948223516345,
    0.008340485394001007,
    0.06627724319696426,
    0.23183110356330872,
    0.3583950102329254,
    0.24661999940872192,
    0.07644565403461456,
    0.010869328863918781,
    0.0007254399242810905,
    2.321841020602733e-05,
    3.5959328670287505e-07
  ],
  "soft_hist_real_mass": [
    0.0020399955101311207,
    0.014619605615735054,
    0.06254785507917404,
    0.1485380232334137,
    0.18609659373760223,
    0.11937624961137772,
    0.04521984979510307,
    0.05114450678229332,
    0.12329333275556564,
    0.14843565225601196,
    0.07969456166028976,
    0.01899377629160881
  ],
  "soft_hist_gen_mass": [
    1.0870391633943655e-05,
    0.0004489918355830014,
    0.008141012862324715,
    0.06491373479366302,
    0.22836267948150635,
    0.3565109670162201,
    0.24946944415569305,
    0.07949289679527283,
    0.011788015253841877,
    0.0008325364324264228,
    2.841659625119064e-05,
    4.6755539528930967e-07
  ],
  "hard_hist_real": [
    0.0,
    0.0033333334140479565,
    0.05000000074505806,
    0.33000001311302185,
    0.550000011920929,
    0.01666666753590107,
    0.0,
    0.0,
    0.006666666828095913,
    0.04333333298563957,
    0.0,
    0.0
  ],
  "hard_hist_gen": [
    0.0,
    0.0,
    0.0,
    0.0,
    0.0,
    0.949999988079071,
    0.05000000074505806,
    0.0,
    0.0,
    0.0,
    0.0,
    0.0
  ],
  "js_soft": 0.15529868006706238,
  "js_hard": 0.6510490775108337,
  "js_mass": 0.20773719251155853,
  "hub_share_real_top1pct": 0.09353741258382797,
  "hub_share_gen_top1pct": 0.015011470764875412
}