{
  "alpha_struct": 5.0,
  "seed": 1,
  "run_tag": "",
  "bin_edges": [
    0.0,
    0.5,
    1.0,
    1.5,
    2.0,
    2.5,
    3.0,
    3.5,
    4.0,
    4.5,
    5.0,
    5.5,
    6.0
  ],
  "soft_hist_real": [
    0.006784317083656788,
    0.0372118279337883,
    0.12971408665180206,
    0.2631380558013916,
    0.2902301549911499,
    0.1668267399072647,
    0.04962190240621567,
    0.012622729875147343,
    0.015130884014070034,
    0.017368551343679428,
    0.009186125360429287,
    0.0021645701490342617
  ],
  "soft_hist_gen": [
    7.37821392249316e-05,
    0.0007844732608646154,
    0.008411803282797337,
    0.061582308262586594,
    0.21874260902404785,
    0.3513284921646118,
    0.2561221420764923,
    0.08715812116861343,
    0.014501414261758327,
    0.001238464843481779,
    5.513948417501524e-05,
    1.2385931995595456e-06
  ],
  "soft_hist_real_mass": [
    0.0019601788371801376,
    0.01446511596441269,
    0.06269984692335129,
    0.1492832601070404,
    0.18652687966823578,
    0.11950897425413132,
    0.04567454010248184,
    0.0516512356698513,
    0.12317858636379242,
    0.147419273853302,
    0.07887047529220581,
    0.01876157522201538
  ],
  "soft_hist_gen_mass": [
    2.478795067872852e-05,
    0.0004734180402010679,
    0.007291397545486689,
    0.05812983959913254,
    0.21122688055038452,
    0.34651926159858704,
    0.2620408833026886,
    0.09510526806116104,
    0.0174375269562006,
    0.0016670237528160214,
    8.17248146631755e-05,
    1.955051175173139e-06
  ],
  "hard_hist_real": [
    0.0,
    0.0033333334140479565,
    0.0533333346247673,
    0.33000001311302185,
    0.5233333110809326,
    0.03999999910593033,
    0.0,
    0.0,
    0.0033333334140479565,
    0.046666666865348816,
    0.0,
    0.0
  ],
  "hard_hist_gen": [
    0.0,
    0.0,
    0.0,
    0.0033333334140479565,
    0.0,
    0.9233333468437195,
    0.07333333045244217,
    0.0,
    0.0,
    0.0,
    0.0,
    0.0
  ],
  "js_soft": 0.16020849347114563,
  "js_hard": 0.6006042957305908,
  "js_mass": 0.20522181689739227,
  "hub_share_real_top1pct": 0.09353741258382797,
  "hub_share_gen_top1pct": 0.017153557389974594
}