{
  "alpha_struct": 10.0,
  "seed": 4,
  "run_tag": "",
  "bin_edges": [
    0.0,
    0.5,
    1.0,
    1.5,
    2.0,
    2.5,
    3.0,
    3.5,
    4.0,
    4.5,
    5.0,
    5.5,
    6.0
  ],
  "soft_hist_real": [
    0.007261944003403187,
    0.037999656051397324,
    0.12948983907699585,
    0.26186689734458923,
    0.2897389829158783,
    0.16722330451011658,
    0.0499107725918293,
    0.012687720358371735,
    0.015132184140384197,
    0.017348632216453552,
    0.009176830761134624,
    0.0021632141433656216
  ],
  "soft_hist_gen": [
    6.682550632077045e-17,
    9.946272863485539e-14,
    6.51846701615888e-11,
    1.8794022338397554e-08,
    2.3824254640203435e-06,
    0.00013273934018798172,
    0.0032504904083907604,
    0.03499583154916763,
    0.1657913625240326,
    0.3461238741874695,
    0.3192005157470703,
    0.1305028796195984
  ],
  "hard_hist_real": [
    0.0,
    0.0033333334140479565,
    0.0533333346247673,
    0.31333333253860474,
    0.54666668176651,
    0.03333333507180214,
    0.0,
    0.0,
    0.006666666828095913,
    0.04333333298563957,
    0.0,
    0.0
  ],
  "hard_hist_gen": [
    0.0,
    0.0,
    0.0,
    0.0,
    0.0,
    0.0,
    0.0,
    0.0,
    0.0,
    0.9399999976158142,
    0.05999999865889549,
    0.0
  ],
  "js_soft": 0.585332989692688,
  "js_hard": 0.6043211817741394,
  "hub_share_real_top1pct": 0.09268707782030106,
  "hub_share_gen_top1pct": 0.013264019973576069
}