{
  "alpha_struct": 0.1,
  "seed": 5,
  "run_tag": "",
  "bin_edges": [
    0.0,
    0.5,
    1.0,
    1.5,
    2.0,
    2.5,
    3.0,
    3.5,
    4.0,
    4.5,
    5.0,
    5.5,
    6.0
  ],
  "soft_hist_real": [
    0.007304979953914881,
    0.03844282031059265,
    0.1305759698152542,
    0.2621959149837494,
    0.2890004813671112,
    0.16659767925739288,
    0.04948832467198372,
    0.012449071742594242,
    0.015058208256959915,
    0.017432397231459618,
    0.009264803491532803,
    0.0021892907097935677
  ],
  "soft_hist_gen": [
    2.3897070880005883e-17,
    4.0192187685667013e-14,
    2.961763473363632e-11,
    9.563197345130448e-09,
    1.3531914646591758e-06,
    8.393223106395453e-05,
    0.00228305347263813,
    0.02725856378674507,
    0.1430865079164505,
    0.33121439814567566,
    0.33993014693260193,
    0.1561419814825058
  ],
  "hard_hist_real": [
    0.0,
    0.0033333334140479565,
    0.05000000074505806,
    0.33000001311302185,
    0.550000011920929,
    0.01666666753590107,
    0.0,
    0.0,
    0.006666666828095913,
    0.04333333298563957,
    0.0,
    0.0
  ],
  "hard_hist_gen": [
    0.0,
    0.0,
    0.0,
    0.0,
    0.0,
    0.0,
    0.0,
    0.0,
    0.0,
    0.49666666984558105,
    0.503333330154419,
    0.0
  ],
  "js_soft": 0.5891249179840088,
  "js_hard": 0.6177167892456055,
  "hub_share_real_top1pct": 0.09353741258382797,
  "hub_share_gen_top1pct": 0.014734824188053608
}