{
  "alpha_struct": 1.0,
  "seed": 1,
  "run_tag": "",
  "bin_edges": [
    0.0,
    0.5,
    1.0,
    1.5,
    2.0,
    2.5,
    3.0,
    3.5,
    4.0,
    4.5,
    5.0,
    5.5,
    6.0
  ],
  "soft_hist_real": [
    0.006784317083656788,
    0.0372118279337883,
    0.12971408665180206,
    0.2631380558013916,
    0.2902301549911499,
    0.1668267399072647,
    0.04962190240621567,
    0.012622729875147343,
    0.015130884014070034,
    0.017368551343679428,
    0.009186125360429287,
    0.0021645701490342617
  ],
  "soft_hist_gen": [
    3.0553434628250725e-17,
    5.0042150870170665e-14,
    3.5912876839017116e-11,
    1.1293820101343499e-08,
    1.5565894955216208e-06,
    9.405221499036998e-05,
    0.0024925379548221827,
    0.028999391943216324,
    0.14836710691452026,
    0.334820032119751,
    0.3350973427295685,
    0.15012797713279724
  ],
  "hard_hist_real": [
    0.0,
    0.0033333334140479565,
    0.0533333346247673,
    0.33000001311302185,
    0.5233333110809326,
    0.03999999910593033,
    0.0,
    0.0,
    0.0033333334140479565,
    0.046666666865348816,
    0.0,
    0.0
  ],
  "hard_hist_gen": [
    0.0,
    0.0,
    0.0,
    0.0,
    0.0,
    0.0,
    0.0,
    0.0,
    0.0,
    0.7599999904632568,
    0.23999999463558197,
    0.0
  ],
  "js_soft": 0.5882976055145264,
  "js_hard": 0.604004979133606,
  "hub_share_real_top1pct": 0.09353741258382797,
  "hub_share_gen_top1pct": 0.014682640321552753
}