{
  "alpha_struct": 5.0,
  "seed": 1,
  "run_tag": "",
  "bin_edges": [
    0.0,
    0.5,
    1.0,
    1.5,
    2.0,
    2.5,
    3.0,
    3.5,
    4.0,
    4.5,
    5.0,
    5.5,
    6.0
  ],
  "soft_hist_real": [
    0.006784317083656788,
    0.0372118279337883,
    0.12971408665180206,
    0.2631380558013916,
    0.2902301549911499,
    0.1668267399072647,
    0.04962190240621567,
    0.012622729875147343,
    0.015130884014070034,
    0.017368551343679428,
    0.009186125360429287,
    0.0021645701490342617
  ],
  "soft_hist_gen": [
    4.7270139385571674e-17,
    7.359700549729523e-14,
    5.027797275736212e-11,
    1.5068991388034192e-08,
    1.9813944618363166e-06,
    0.00011431404709583148,
    0.002894965000450611,
    0.032208170741796494,
    0.15767520666122437,
    0.3406481146812439,
    0.3264625072479248,
    0.1399948000907898
  ],
  "hard_hist_real": [
    0.0,
    0.0033333334140479565,
    0.0533333346247673,
    0.33000001311302185,
    0.5233333110809326,
    0.03999999910593033,
    0.0,
    0.0,
    0.0033333334140479565,
    0.046666666865348816,
    0.0,
    0.0
  ],
  "hard_hist_gen": [
    0.0,
    0.0,
    0.0,
    0.0,
    0.0,
    0.0,
    0.0,
    0.0,
    0.0,
    0.903333306312561,
    0.09666666388511658,
    0.0
  ],
  "js_soft": 0.586677074432373,
  "js_hard": 0.6000831127166748,
  "hub_share_real_top1pct": 0.09353741258382797,
  "hub_share_gen_top1pct": 0.014523367397487164
}