{
  "alpha_struct": 0.5,
  "seed": 4,
  "run_tag": "",
  "bin_edges": [
    0.0,
    0.5,
    1.0,
    1.5,
    2.0,
    2.5,
    3.0,
    3.5,
    4.0,
    4.5,
    5.0,
    5.5,
    6.0
  ],
  "soft_hist_real": [
    0.007261944003403187,
    0.037999656051397324,
    0.12948983907699585,
    0.26186689734458923,
    0.2897389829158783,
    0.16722330451011658,
    0.0499107725918293,
    0.012687720358371735,
    0.015132184140384197,
    0.017348632216453552,
    0.009176830761134624,
    0.0021632141433656216
  ],
  "soft_hist_gen": [
    2.7452117790468935e-17,
    4.5337787479360694e-14,
    3.284857108543093e-11,
    1.0439183739663349e-08,
    1.4550580544892e-06,
    8.896029612515122e-05,
    0.002386505249887705,
    0.028113752603530884,
    0.14566314220428467,
    0.3329342305660248,
    0.33754634857177734,
    0.153265580534935
  ],
  "hard_hist_real": [
    0.0,
    0.0033333334140479565,
    0.0533333346247673,
    0.31333333253860474,
    0.54666668176651,
    0.03333333507180214,
    0.0,
    0.0,
    0.006666666828095913,
    0.04333333298563957,
    0.0,
    0.0
  ],
  "hard_hist_gen": [
    0.0,
    0.0,
    0.0,
    0.0,
    0.0,
    0.0,
    0.0,
    0.0,
    0.0,
    0.6766666769981384,
    0.3233333230018616,
    0.0
  ],
  "js_soft": 0.5887700319290161,
  "js_hard": 0.6112555861473083,
  "hub_share_real_top1pct": 0.09268707782030106,
  "hub_share_gen_top1pct": 0.014788806438446045
}