{
  "alpha_struct": 2.0,
  "seed": 2,
  "run_tag": "",
  "bin_edges": [
    0.0,
    0.5,
    1.0,
    1.5,
    2.0,
    2.5,
    3.0,
    3.5,
    4.0,
    4.5,
    5.0,
    5.5,
    6.0
  ],
  "soft_hist_real": [
    0.005617871414870024,
    0.03566940873861313,
    0.12953579425811768,
    0.26378101110458374,
    0.29088887572288513,
    0.16777685284614563,
    0.050186000764369965,
    0.012904683127999306,
    0.015241341665387154,
    0.0172351635992527,
    0.009041248820722103,
    0.002121811965480447
  ],
  "soft_hist_gen": [
    3.58200902796534e-17,
    5.769274218515169e-14,
    4.071297465824131e-11,
    1.258926207725608e-08,
    1.7060406207747292e-06,
    0.00010134885087609291,
    0.0026406152173876762,
    0.03020293265581131,
    0.1519123613834381,
    0.33705681562423706,
    0.3317740857601166,
    0.14631009101867676
  ],
  "hard_hist_real": [
    0.0,
    0.0,
    0.046666666865348816,
    0.3499999940395355,
    0.5199999809265137,
    0.03333333507180214,
    0.0,
    0.0,
    0.009999999776482582,
    0.03999999910593033,
    0.0,
    0.0
  ],
  "hard_hist_gen": [
    0.0,
    0.0,
    0.0,
    0.0,
    0.0,
    0.0,
    0.0,
    0.0,
    0.0,
    0.8366666436195374,
    0.16333332657814026,
    0.0
  ],
  "js_soft": 0.5879149436950684,
  "js_hard": 0.6118655800819397,
  "hub_share_real_top1pct": 0.09240362793207169,
  "hub_share_gen_top1pct": 0.014842602424323559
}