{
  "alpha_struct": 5.0,
  "seed": 3,
  "run_tag": "",
  "bin_edges": [
    0.0,
    0.5,
    1.0,
    1.5,
    2.0,
    2.5,
    3.0,
    3.5,
    4.0,
    4.5,
    5.0,
    5.5,
    6.0
  ],
  "soft_hist_real": [
    0.006225198041647673,
    0.03585309162735939,
    0.12827108800411224,
    0.26247990131378174,
    0.2917393147945404,
    0.16895301640033722,
    0.05014268308877945,
    0.012627038173377514,
    0.015238898806273937,
    0.017328718677163124,
    0.009040609933435917,
    0.0021005047019571066
  ],
  "soft_hist_gen": [
    9.545884497428225e-16,
    6.109621814541499e-13,
    1.894711471051025e-10,
    3.080955224277204e-08,
    2.754539991656202e-06,
    0.0001305879559367895,
    0.0030366568826138973,
    0.03266775980591774,
    0.15799912810325623,
    0.3401520550251007,
    0.32598817348480225,
    0.1400228887796402
  ],
  "hard_hist_real": [
    0.0,
    0.0033333334140479565,
    0.03333333507180214,
    0.3199999928474426,
    0.5600000023841858,
    0.03333333507180214,
    0.0,
    0.0,
    0.006666666828095913,
    0.04333333298563957,
    0.0,
    0.0
  ],
  "hard_hist_gen": [
    0.0,
    0.0,
    0.0,
    0.0,
    0.0,
    0.0,
    0.0,
    0.0,
    0.0033333334140479565,
    0.8866666555404663,
    0.10999999940395355,
    0.0
  ],
  "js_soft": 0.5866448879241943,
  "js_hard": 0.6023750901222229,
  "hub_share_real_top1pct": 0.09382086247205734,
  "hub_share_gen_top1pct": 0.01470899861305952
}