{
  "alpha_struct": 5.0,
  "seed": 5,
  "run_tag": "",
  "bin_edges": [
    0.0,
    0.5,
    1.0,
    1.5,
    2.0,
    2.5,
    3.0,
    3.5,
    4.0,
    4.5,
    5.0,
    5.5,
    6.0
  ],
  "soft_hist_real": [
    0.007304979953914881,
    0.03844282031059265,
    0.1305759698152542,
    0.2621959149837494,
    0.2890004813671112,
    0.16659767925739288,
    0.04948832467198372,
    0.012449071742594242,
    0.015058208256959915,
    0.017432397231459618,
    0.009264803491532803,
    0.0021892907097935677
  ],
  "soft_hist_gen": [
    4.783713860825227e-17,
    7.440056871369644e-14,
    5.0764843717576724e-11,
    1.5195031011216997e-08,
    1.995279717448284e-06,
    0.0001149591407738626,
    0.0029073660261929035,
    0.03230265900492668,
    0.1579277217388153,
    0.3407577872276306,
    0.32620203495025635,
    0.1397855281829834
  ],
  "hard_hist_real": [
    0.0,
    0.0033333334140479565,
    0.05000000074505806,
    0.33000001311302185,
    0.550000011920929,
    0.01666666753590107,
    0.0,
    0.0,
    0.006666666828095913,
    0.04333333298563957,
    0.0,
    0.0
  ],
  "hard_hist_gen": [
    0.0,
    0.0,
    0.0,
    0.0,
    0.0,
    0.0,
    0.0,
    0.0,
    0.0,
    0.8933333158493042,
    0.1066666692495346,
    0.0
  ],
  "js_soft": 0.586545467376709,
  "js_hard": 0.6053991317749023,
  "hub_share_real_top1pct": 0.09353741258382797,
  "hub_share_gen_top1pct": 0.014669323340058327
}