{
  "alpha_struct": 5.0,
  "seed": 2,
  "run_tag": "",
  "bin_edges": [
    0.0,
    0.5,
    1.0,
    1.5,
    2.0,
    2.5,
    3.0,
    3.5,
    4.0,
    4.5,
    5.0,
    5.5,
    6.0
  ],
  "soft_hist_real": [
    0.005617871414870024,
    0.03566940873861313,
    0.12953579425811768,
    0.26378101110458374,
    0.29088887572288513,
    0.16777685284614563,
    0.050186000764369965,
    0.012904683127999306,
    0.015241341665387154,
    0.0172351635992527,
    0.009041248820722103,
    0.002121811965480447
  ],
  "soft_hist_gen": [
    4.777006418674157e-17,
    7.456739354672406e-14,
    5.1007576634676255e-11,
    1.5291510280235343e-08,
    2.0093907551199663e-06,
    0.00011577119585126638,
    0.002926049754023552,
    0.03247203305363655,
    0.15849077701568604,
    0.34122732281684875,
    0.32572537660598755,
    0.1390407234430313
  ],
  "hard_hist_real": [
    0.0,
    0.0,
    0.046666666865348816,
    0.3499999940395355,
    0.5199999809265137,
    0.03333333507180214,
    0.0,
    0.0,
    0.009999999776482582,
    0.03999999910593033,
    0.0,
    0.0
  ],
  "hard_hist_gen": [
    0.0,
    0.0,
    0.0,
    0.0,
    0.0,
    0.0,
    0.0,
    0.0,
    0.0,
    0.8933333158493042,
    0.1066666692495346,
    0.0
  ],
  "js_soft": 0.5867724418640137,
  "js_hard": 0.6105843186378479,
  "hub_share_real_top1pct": 0.09240362793207169,
  "hub_share_gen_top1pct": 0.014566554687917233
}