{
  "alpha_struct": 1.0,
  "seed": 4,
  "run_tag": "",
  "bin_edges": [
    0.0,
    0.5,
    1.0,
    1.5,
    2.0,
    2.5,
    3.0,
    3.5,
    4.0,
    4.5,
    5.0,
    5.5,
    6.0
  ],
  "soft_hist_real": [
    0.007261944003403187,
    0.037999656051397324,
    0.12948983907699585,
    0.26186689734458923,
    0.2897389829158783,
    0.16722330451011658,
    0.0499107725918293,
    0.012687720358371735,
    0.015132184140384197,
    0.017348632216453552,
    0.009176830761134624,
    0.0021632141433656216
  ],
  "soft_hist_gen": [
    3.1460653236874383e-17,
    5.114847415510666e-14,
    3.649822111206902e-11,
    1.1427785828743708e-08,
    1.5697806929892977e-06,
    9.460517321713269e-05,
    0.002502187853679061,
    0.029065849259495735,
    0.1485198736190796,
    0.3348366916179657,
    0.3349134922027588,
    0.15006576478481293
  ],
  "hard_hist_real": [
    0.0,
    0.0033333334140479565,
    0.0533333346247673,
    0.31333333253860474,
    0.54666668176651,
    0.03333333507180214,
    0.0,
    0.0,
    0.006666666828095913,
    0.04333333298563957,
    0.0,
    0.0
  ],
  "hard_hist_gen": [
    0.0,
    0.0,
    0.0,
    0.0,
    0.0,
    0.0,
    0.0,
    0.0,
    0.0,
    0.7666666507720947,
    0.23333333432674408,
    0.0
  ],
  "js_soft": 0.5882660746574402,
  "js_hard": 0.6086282730102539,
  "hub_share_real_top1pct": 0.09268707782030106,
  "hub_share_gen_top1pct": 0.014795028604567051
}