{
  "alpha_struct": 1.0,
  "seed": 3,
  "run_tag": "",
  "bin_edges": [
    0.0,
    0.5,
    1.0,
    1.5,
    2.0,
    2.5,
    3.0,
    3.5,
    4.0,
    4.5,
    5.0,
    5.5,
    6.0
  ],
  "soft_hist_real": [
    0.006225198041647673,
    0.03585309162735939,
    0.12827108800411224,
    0.26247990131378174,
    0.2917393147945404,
    0.16895301640033722,
    0.05014268308877945,
    0.012627038173377514,
    0.015238898806273937,
    0.017328718677163124,
    0.009040609933435917,
    0.0021005047019571066
  ],
  "soft_hist_gen": [
    4.863686013319099e-17,
    6.475526224177658e-14,
    4.0619362040583695e-11,
    1.1794089260774854e-08,
    1.55751115471503e-06,
    9.228655108017847e-05,
    0.002431820146739483,
    0.028357982635498047,
    0.14608725905418396,
    0.33286163210868835,
    0.3370388448238373,
    0.1531286984682083
  ],
  "hard_hist_real": [
    0.0,
    0.0033333334140479565,
    0.03333333507180214,
    0.3199999928474426,
    0.5600000023841858,
    0.03333333507180214,
    0.0,
    0.0,
    0.006666666828095913,
    0.04333333298563957,
    0.0,
    0.0
  ],
  "hard_hist_gen": [
    0.0,
    0.0,
    0.0,
    0.0,
    0.0,
    0.0,
    0.0,
    0.0,
    0.0,
    0.6633333563804626,
    0.33666667342185974,
    0.0
  ],
  "js_soft": 0.5889464020729065,
  "js_hard": 0.6116733551025391,
  "hub_share_real_top1pct": 0.09382086247205734,
  "hub_share_gen_top1pct": 0.014960162341594696
}