{
  "alpha_struct": 2.0,
  "seed": 5,
  "run_tag": "",
  "bin_edges": [
    0.0,
    0.5,
    1.0,
    1.5,
    2.0,
    2.5,
    3.0,
    3.5,
    4.0,
    4.5,
    5.0,
    5.5,
    6.0
  ],
  "soft_hist_real": [
    0.007304979953914881,
    0.03844282031059265,
    0.1305759698152542,
    0.2621959149837494,
    0.2890004813671112,
    0.16659767925739288,
    0.04948832467198372,
    0.012449071742594242,
    0.015058208256959915,
    0.017432397231459618,
    0.009264803491532803,
    0.0021892907097935677
  ],
  "soft_hist_gen": [
    3.629237732219668e-17,
    5.830486240294627e-14,
    4.105408374366348e-11,
    1.267053395537232e-08,
    1.714247559903015e-06,
    0.00010169490269618109,
    0.0026465337723493576,
    0.030241291970014572,
    0.15198737382888794,
    0.33703580498695374,
    0.3316737115383148,
    0.14631173014640808
  ],
  "hard_hist_real": [
    0.0,
    0.0033333334140479565,
    0.05000000074505806,
    0.33000001311302185,
    0.550000011920929,
    0.01666666753590107,
    0.0,
    0.0,
    0.006666666828095913,
    0.04333333298563957,
    0.0,
    0.0
  ],
  "hard_hist_gen": [
    0.0,
    0.0,
    0.0,
    0.0,
    0.0,
    0.0,
    0.0,
    0.0,
    0.0,
    0.8500000238418579,
    0.15000000596046448,
    0.0
  ],
  "js_soft": 0.5875674486160278,
  "js_hard": 0.6064505577087402,
  "hub_share_real_top1pct": 0.09353741258382797,
  "hub_share_gen_top1pct": 0.01487975288182497
}