{
  "alpha_struct": 1.0,
  "seed": 5,
  "run_tag": "",
  "bin_edges": [
    0.0,
    0.5,
    1.0,
    1.5,
    2.0,
    2.5,
    3.0,
    3.5,
    4.0,
    4.5,
    5.0,
    5.5,
    6.0
  ],
  "soft_hist_real": [
    0.007304979953914881,
    0.03844282031059265,
    0.1305759698152542,
    0.2621959149837494,
    0.2890004813671112,
    0.16659767925739288,
    0.04948832467198372,
    0.012449071742594242,
    0.015058208256959915,
    0.017432397231459618,
    0.009264803491532803,
    0.0021892907097935677
  ],
  "soft_hist_gen": [
    3.188893427082984e-17,
    5.199381981273003e-14,
    3.71461299220055e-11,
    1.162942098176245e-08,
    1.5956806009853608e-06,
    9.598208998795599e-05,
    0.002532216953113675,
    0.029327062889933586,
    0.1493535339832306,
    0.3354782462120056,
    0.33418476581573486,
    0.14902673661708832
  ],
  "hard_hist_real": [
    0.0,
    0.0033333334140479565,
    0.05000000074505806,
    0.33000001311302185,
    0.550000011920929,
    0.01666666753590107,
    0.0,
    0.0,
    0.006666666828095913,
    0.04333333298563957,
    0.0,
    0.0
  ],
  "hard_hist_gen": [
    0.0,
    0.0,
    0.0,
    0.0,
    0.0,
    0.0,
    0.0,
    0.0,
    0.0,
    0.800000011920929,
    0.20000000298023224,
    0.0
  ],
  "js_soft": 0.5880310535430908,
  "js_hard": 0.6077307462692261,
  "hub_share_real_top1pct": 0.09353741258382797,
  "hub_share_gen_top1pct": 0.014734538272023201
}