{
  "alpha_struct": 0.5,
  "seed": 1,
  "run_tag": "",
  "bin_edges": [
    0.0,
    0.5,
    1.0,
    1.5,
    2.0,
    2.5,
    3.0,
    3.5,
    4.0,
    4.5,
    5.0,
    5.5,
    6.0
  ],
  "soft_hist_real": [
    0.006784317083656788,
    0.0372118279337883,
    0.12971408665180206,
    0.2631380558013916,
    0.2902301549911499,
    0.1668267399072647,
    0.04962190240621567,
    0.012622729875147343,
    0.015130884014070034,
    0.017368551343679428,
    0.009186125360429287,
    0.0021645701490342617
  ],
  "soft_hist_gen": [
    2.6784766670234628e-17,
    4.449750030249833e-14,
    3.238930998405998e-11,
    1.0330561295290863e-08,
    1.444001100026071e-06,
    8.848101424518973e-05,
    0.0023778537288308144,
    0.02805205248296261,
    0.1455150693655014,
    0.33290955424308777,
    0.3377235233783722,
    0.15333199501037598
  ],
  "hard_hist_real": [
    0.0,
    0.0033333334140479565,
    0.0533333346247673,
    0.33000001311302185,
    0.5233333110809326,
    0.03999999910593033,
    0.0,
    0.0,
    0.0033333334140479565,
    0.046666666865348816,
    0.0,
    0.0
  ],
  "hard_hist_gen": [
    0.0,
    0.0,
    0.0,
    0.0,
    0.0,
    0.0,
    0.0,
    0.0,
    0.0,
    0.6633333563804626,
    0.33666667342185974,
    0.0
  ],
  "js_soft": 0.5887985229492188,
  "js_hard": 0.607079267501831,
  "hub_share_real_top1pct": 0.09353741258382797,
  "hub_share_gen_top1pct": 0.014683976769447327
}