{
  "alpha_struct": 2.0,
  "seed": 1,
  "run_tag": "",
  "bin_edges": [
    0.0,
    0.5,
    1.0,
    1.5,
    2.0,
    2.5,
    3.0,
    3.5,
    4.0,
    4.5,
    5.0,
    5.5,
    6.0
  ],
  "soft_hist_real": [
    0.006784317083656788,
    0.0372118279337883,
    0.12971408665180206,
    0.2631380558013916,
    0.2902301549911499,
    0.1668267399072647,
    0.04962190240621567,
    0.012622729875147343,
    0.015130884014070034,
    0.017368551343679428,
    0.009186125360429287,
    0.0021645701490342617
  ],
  "soft_hist_gen": [
    3.454918351674733e-17,
    5.580427545298465e-14,
    3.9502224408183295e-11,
    1.2255573444974743e-08,
    1.6667293039063225e-06,
    9.938728908309713e-05,
    0.0025998305063694715,
    0.02986128441989422,
    0.15085871517658234,
    0.33629366755485535,
    0.33271366357803345,
    0.14757172763347626
  ],
  "hard_hist_real": [
    0.0,
    0.0033333334140479565,
    0.0533333346247673,
    0.33000001311302185,
    0.5233333110809326,
    0.03999999910593033,
    0.0,
    0.0,
    0.0033333334140479565,
    0.046666666865348816,
    0.0,
    0.0
  ],
  "hard_hist_gen": [
    0.0,
    0.0,
    0.0,
    0.0,
    0.0,
    0.0,
    0.0,
    0.0,
    0.0,
    0.8199999928474426,
    0.18000000715255737,
    0.0
  ],
  "js_soft": 0.58785480260849,
  "js_hard": 0.6022824048995972,
  "hub_share_real_top1pct": 0.09353741258382797,
  "hub_share_gen_top1pct": 0.01482913363724947
}