{
  "alpha_struct": 10.0,
  "seed": 5,
  "run_tag": "",
  "bin_edges": [
    0.0,
    0.5,
    1.0,
    1.5,
    2.0,
    2.5,
    3.0,
    3.5,
    4.0,
    4.5,
    5.0,
    5.5,
    6.0
  ],
  "soft_hist_real": [
    0.007304979953914881,
    0.03844282031059265,
    0.1305759698152542,
    0.2621959149837494,
    0.2890004813671112,
    0.16659767925739288,
    0.04948832467198372,
    0.012449071742594242,
    0.015058208256959915,
    0.017432397231459618,
    0.009264803491532803,
    0.0021892907097935677
  ],
  "soft_hist_gen": [
    2.3167116084035603e-16,
    2.110363885596614e-13,
    9.630065495036533e-11,
    2.2092098816983707e-08,
    2.4768137336650398e-06,
    0.00013056216994300485,
    0.003139277920126915,
    0.033816903829574585,
    0.16181007027626038,
    0.34302645921707153,
    0.32268422842025757,
    0.1353899985551834
  ],
  "hard_hist_real": [
    0.0,
    0.0033333334140479565,
    0.05000000074505806,
    0.33000001311302185,
    0.550000011920929,
    0.01666666753590107,
    0.0,
    0.0,
    0.006666666828095913,
    0.04333333298563957,
    0.0,
    0.0
  ],
  "hard_hist_gen": [
    0.0,
    0.0,
    0.0,
    0.0,
    0.0,
    0.0,
    0.0,
    0.0,
    0.0033333334140479565,
    0.9200000166893005,
    0.07666666805744171,
    0.0
  ],
  "js_soft": 0.5857663154602051,
  "js_hard": 0.601594090461731,
  "hub_share_real_top1pct": 0.09353741258382797,
  "hub_share_gen_top1pct": 0.014107609167695045
}