{
  "alpha_struct": 5.0,
  "seed": 4,
  "run_tag": "",
  "bin_edges": [
    0.0,
    0.5,
    1.0,
    1.5,
    2.0,
    2.5,
    3.0,
    3.5,
    4.0,
    4.5,
    5.0,
    5.5,
    6.0
  ],
  "soft_hist_real": [
    0.007261944003403187,
    0.037999656051397324,
    0.12948983907699585,
    0.26186689734458923,
    0.2897389829158783,
    0.16722330451011658,
    0.0499107725918293,
    0.012687720358371735,
    0.015132184140384197,
    0.017348632216453552,
    0.009176830761134624,
    0.0021632141433656216
  ],
  "soft_hist_gen": [
    5.1780910775778494e-17,
    7.91691948001487e-14,
    5.330572094841557e-11,
    1.5789181517789075e-08,
    2.055841378023615e-06,
    0.00011762086796807125,
    0.0029568877071142197,
    0.03267877921462059,
    0.15898750722408295,
    0.3414282202720642,
    0.32524359226226807,
    0.13858528435230255
  ],
  "hard_hist_real": [
    0.0,
    0.0033333334140479565,
    0.0533333346247673,
    0.31333333253860474,
    0.54666668176651,
    0.03333333507180214,
    0.0,
    0.0,
    0.006666666828095913,
    0.04333333298563957,
    0.0,
    0.0
  ],
  "hard_hist_gen": [
    0.0,
    0.0,
    0.0,
    0.0,
    0.0,
    0.0,
    0.0,
    0.0,
    0.0,
    0.903333306312561,
    0.09666666388511658,
    0.0
  ],
  "js_soft": 0.5864444971084595,
  "js_hard": 0.60516357421875,
  "hub_share_real_top1pct": 0.09268707782030106,
  "hub_share_gen_top1pct": 0.01449435856193304
}