{
  "alpha_struct": 0.1,
  "seed": 2,
  "run_tag": "",
  "bin_edges": [
    0.0,
    0.5,
    1.0,
    1.5,
    2.0,
    2.5,
    3.0,
    3.5,
    4.0,
    4.5,
    5.0,
    5.5,
    6.0
  ],
  "soft_hist_real": [
    0.005617871414870024,
    0.03566940873861313,
    0.12953579425811768,
    0.26378101110458374,
    0.29088887572288513,
    0.16777685284614563,
    0.050186000764369965,
    0.012904683127999306,
    0.015241341665387154,
    0.0172351635992527,
    0.009041248820722103,
    0.002121811965480447
  ],
  "soft_hist_gen": [
    2.1613066390069364e-17,
    3.6747020086113497e-14,
    2.7372090705135577e-11,
    8.9332372610329e-09,
    1.277573005609156e-06,
    8.008461009012535e-05,
    0.0022014204878360033,
    0.02656017802655697,
    0.14088110625743866,
    0.329542338848114,
    0.3418712913990021,
    0.15886230766773224
  ],
  "hard_hist_real": [
    0.0,
    0.0,
    0.046666666865348816,
    0.3499999940395355,
    0.5199999809265137,
    0.03333333507180214,
    0.0,
    0.0,
    0.009999999776482582,
    0.03999999910593033,
    0.0,
    0.0
  ],
  "hard_hist_gen": [
    0.0,
    0.0,
    0.0,
    0.0,
    0.0,
    0.0,
    0.0,
    0.0,
    0.0,
    0.39666667580604553,
    0.6033333539962769,
    0.0
  ],
  "js_soft": 0.5898727178573608,
  "js_hard": 0.6262867450714111,
  "hub_share_real_top1pct": 0.09240362793207169,
  "hub_share_gen_top1pct": 0.014889169484376907
}