{
  "alpha_struct": 0.5,
  "seed": 5,
  "run_tag": "",
  "bin_edges": [
    0.0,
    0.5,
    1.0,
    1.5,
    2.0,
    2.5,
    3.0,
    3.5,
    4.0,
    4.5,
    5.0,
    5.5,
    6.0
  ],
  "soft_hist_real": [
    0.007304979953914881,
    0.03844282031059265,
    0.1305759698152542,
    0.2621959149837494,
    0.2890004813671112,
    0.16659767925739288,
    0.04948832467198372,
    0.012449071742594242,
    0.015058208256959915,
    0.017432397231459618,
    0.009264803491532803,
    0.0021892907097935677
  ],
  "soft_hist_gen": [
    2.7044694942839616e-17,
    4.487709303561266e-14,
    3.262973224948951e-11,
    1.0396315808236523e-08,
    1.4517120234813774e-06,
    8.886398427421227e-05,
    0.002385725500062108,
    0.028115766122937202,
    0.14569181203842163,
    0.33297497034072876,
    0.3375210165977478,
    0.1532202959060669
  ],
  "hard_hist_real": [
    0.0,
    0.0033333334140479565,
    0.05000000074505806,
    0.33000001311302185,
    0.550000011920929,
    0.01666666753590107,
    0.0,
    0.0,
    0.006666666828095913,
    0.04333333298563957,
    0.0,
    0.0
  ],
  "hard_hist_gen": [
    0.0,
    0.0,
    0.0,
    0.0,
    0.0,
    0.0,
    0.0,
    0.0,
    0.0,
    0.6666666865348816,
    0.3333333432674408,
    0.0
  ],
  "js_soft": 0.5886661410331726,
  "js_hard": 0.6115681529045105,
  "hub_share_real_top1pct": 0.09353741258382797,
  "hub_share_gen_top1pct": 0.014807063154876232
}