{
  "alpha_struct": 1.0,
  "seed": 2,
  "run_tag": "",
  "bin_edges": [
    0.0,
    0.5,
    1.0,
    1.5,
    2.0,
    2.5,
    3.0,
    3.5,
    4.0,
    4.5,
    5.0,
    5.5,
    6.0
  ],
  "soft_hist_real": [
    0.005617871414870024,
    0.03566940873861313,
    0.12953579425811768,
    0.26378101110458374,
    0.29088887572288513,
    0.16777685284614563,
    0.050186000764369965,
    0.012904683127999306,
    0.015241341665387154,
    0.0172351635992527,
    0.009041248820722103,
    0.002121811965480447
  ],
  "soft_hist_gen": [
    2.8604335716002225e-17,
    4.719390094107441e-14,
    3.411498514238609e-11,
    1.0805526251544961e-08,
    1.4998585129433195e-06,
    9.125823271460831e-05,
    0.0024351223837584257,
    0.028522644191980362,
    0.14689870178699493,
    0.33372190594673157,
    0.3363672196865082,
    0.1519615352153778
  ],
  "hard_hist_real": [
    0.0,
    0.0,
    0.046666666865348816,
    0.3499999940395355,
    0.5199999809265137,
    0.03333333507180214,
    0.0,
    0.0,
    0.009999999776482582,
    0.03999999910593033,
    0.0,
    0.0
  ],
  "hard_hist_gen": [
    0.0,
    0.0,
    0.0,
    0.0,
    0.0,
    0.0,
    0.0,
    0.0,
    0.0,
    0.7200000286102295,
    0.2800000011920929,
    0.0
  ],
  "js_soft": 0.5887975096702576,
  "js_hard": 0.6147941946983337,
  "hub_share_real_top1pct": 0.09240362793207169,
  "hub_share_gen_top1pct": 0.01493104174733162
}