{
  "alpha_struct": 0.1,
  "seed": 3,
  "run_tag": "",
  "bin_edges": [
    0.0,
    0.5,
    1.0,
    1.5,
    2.0,
    2.5,
    3.0,
    3.5,
    4.0,
    4.5,
    5.0,
    5.5,
    6.0
  ],
  "soft_hist_real": [
    0.006225198041647673,
    0.03585309162735939,
    0.12827108800411224,
    0.26247990131378174,
    0.2917393147945404,
    0.16895301640033722,
    0.05014268308877945,
    0.012627038173377514,
    0.015238898806273937,
    0.017328718677163124,
    0.009040609933435917,
    0.0021005047019571066
  ],
  "soft_hist_gen": [
    2.580538978805552e-17,
    4.074561190834866e-14,
    2.891560428597284e-11,
    9.155593616583246e-09,
    1.2862282119385782e-06,
    7.986262789927423e-05,
    0.0021864098962396383,
    0.0263656172901392,
    0.1401001513004303,
    0.328792005777359,
    0.3425370752811432,
    0.15993745625019073
  ],
  "hard_hist_real": [
    0.0,
    0.0033333334140479565,
    0.03333333507180214,
    0.3199999928474426,
    0.5600000023841858,
    0.03333333507180214,
    0.0,
    0.0,
    0.006666666828095913,
    0.04333333298563957,
    0.0,
    0.0
  ],
  "hard_hist_gen": [
    0.0,
    0.0,
    0.0,
    0.0,
    0.0,
    0.0,
    0.0,
    0.0,
    0.0,
    0.3033333420753479,
    0.6966666579246521,
    0.0
  ],
  "js_soft": 0.590045690536499,
  "js_hard": 0.6278403997421265,
  "hub_share_real_top1pct": 0.09382086247205734,
  "hub_share_gen_top1pct": 0.014858022332191467
}