{
  "alpha_struct": 10.0,
  "seed": 2,
  "run_tag": "",
  "bin_edges": [
    0.0,
    0.5,
    1.0,
    1.5,
    2.0,
    2.5,
    3.0,
    3.5,
    4.0,
    4.5,
    5.0,
    5.5,
    6.0
  ],
  "soft_hist_real": [
    0.005617871414870024,
    0.03566940873861313,
    0.12953579425811768,
    0.26378101110458374,
    0.29088887572288513,
    0.16777685284614563,
    0.050186000764369965,
    0.012904683127999306,
    0.015241341665387154,
    0.0172351635992527,
    0.009041248820722103,
    0.002121811965480447
  ],
  "soft_hist_gen": [
    5.625925999469569e-17,
    8.621611589801695e-14,
    5.792177848462643e-11,
    1.706041530269431e-08,
    2.2034323592379224e-06,
    0.0001248232729267329,
    0.003103040624409914,
    0.033878713846206665,
    0.16266384720802307,
    0.34419965744018555,
    0.3220723271369934,
    0.1339554786682129
  ],
  "hard_hist_real": [
    0.0,
    0.0,
    0.046666666865348816,
    0.3499999940395355,
    0.5199999809265137,
    0.03333333507180214,
    0.0,
    0.0,
    0.009999999776482582,
    0.03999999910593033,
    0.0,
    0.0
  ],
  "hard_hist_gen": [
    0.0,
    0.0,
    0.0,
    0.0,
    0.0,
    0.0,
    0.0,
    0.0,
    0.0,
    0.9300000071525574,
    0.07000000029802322,
    0.0
  ],
  "js_soft": 0.58608078956604,
  "js_hard": 0.6097970008850098,
  "hub_share_real_top1pct": 0.09240362793207169,
  "hub_share_gen_top1pct": 0.013723760843276978
}