{
  "alpha_struct": 0.0,
  "seed": 4,
  "run_tag": "",
  "bin_edges": [
    0.0,
    0.5,
    1.0,
    1.5,
    2.0,
    2.5,
    3.0,
    3.5,
    4.0,
    4.5,
    5.0,
    5.5,
    6.0
  ],
  "soft_hist_real": [
    0.007261944003403187,
    0.037999656051397324,
    0.12948983907699585,
    0.26186689734458923,
    0.2897389829158783,
    0.16722330451011658,
    0.0499107725918293,
    0.012687720358371735,
    0.015132184140384197,
    0.017348632216453552,
    0.009176830761134624,
    0.0021632141433656216
  ],
  "soft_hist_gen": [
    2.2409811719164115e-17,
    3.785364491477872e-14,
    2.8040448435406873e-11,
    9.108098275589782e-09,
    1.297275844081014e-06,
    8.103200525511056e-05,
    0.002220554044470191,
    0.026717331260442734,
    0.1413632035255432,
    0.3299059569835663,
    0.34145787358283997,
    0.1582527458667755
  ],
  "hard_hist_real": [
    0.0,
    0.0033333334140479565,
    0.0533333346247673,
    0.31333333253860474,
    0.54666668176651,
    0.03333333507180214,
    0.0,
    0.0,
    0.006666666828095913,
    0.04333333298563957,
    0.0,
    0.0
  ],
  "hard_hist_gen": [
    0.0,
    0.0,
    0.0,
    0.0,
    0.0,
    0.0,
    0.0,
    0.0,
    0.0,
    0.36000001430511475,
    0.6399999856948853,
    0.0
  ],
  "js_soft": 0.5895318984985352,
  "js_hard": 0.6243535876274109,
  "hub_share_real_top1pct": 0.09268707782030106,
  "hub_share_gen_top1pct": 0.014805048704147339
}