{
  "alpha_struct": 10.0,
  "seed": 3,
  "run_tag": "",
  "bin_edges": [
    0.0,
    0.5,
    1.0,
    1.5,
    2.0,
    2.5,
    3.0,
    3.5,
    4.0,
    4.5,
    5.0,
    5.5,
    6.0
  ],
  "soft_hist_real": [
    0.006225198041647673,
    0.03585309162735939,
    0.12827108800411224,
    0.26247990131378174,
    0.2917393147945404,
    0.16895301640033722,
    0.05014268308877945,
    0.012627038173377514,
    0.015238898806273937,
    0.017328718677163124,
    0.009040609933435917,
    0.0021005047019571066
  ],
  "soft_hist_gen": [
    3.31275762030514e-12,
    6.667163487961147e-10,
    5.90588591364849e-08,
    2.3258830879058223e-06,
    4.254779560142197e-05,
    0.00044438999611884356,
    0.004255826584994793,
    0.03557412698864937,
    0.16269265115261078,
    0.3421264886856079,
    0.3208294212818146,
    0.13403216004371643
  ],
  "hard_hist_real": [
    0.0,
    0.0033333334140479565,
    0.03333333507180214,
    0.3199999928474426,
    0.5600000023841858,
    0.03333333507180214,
    0.0,
    0.0,
    0.006666666828095913,
    0.04333333298563957,
    0.0,
    0.0
  ],
  "hard_hist_gen": [
    0.0,
    0.0,
    0.0,
    0.0,
    0.0,
    0.0,
    0.0,
    0.0033333334140479565,
    0.0033333334140479565,
    0.9266666769981384,
    0.06666667014360428,
    0.0
  ],
  "js_soft": 0.5831822156906128,
  "js_hard": 0.6014412045478821,
  "hub_share_real_top1pct": 0.09382086247205734,
  "hub_share_gen_top1pct": 0.013996323570609093
}