{
  "alpha_struct": 0.0,
  "seed": 2,
  "run_tag": "",
  "bin_edges": [
    0.0,
    0.5,
    1.0,
    1.5,
    2.0,
    2.5,
    3.0,
    3.5,
    4.0,
    4.5,
    5.0,
    5.5,
    6.0
  ],
  "soft_hist_real": [
    0.005617871414870024,
    0.03566940873861313,
    0.12953579425811768,
    0.26378101110458374,
    0.29088887572288513,
    0.16777685284614563,
    0.050186000764369965,
    0.012904683127999306,
    0.015241341665387154,
    0.0172351635992527,
    0.009041248820722103,
    0.002121811965480447
  ],
  "soft_hist_gen": [
    2.0822721784554547e-17,
    3.5545249740549095e-14,
    2.6582807136077413e-11,
    8.710252075161407e-09,
    1.2506383200161508e-06,
    7.870718400226906e-05,
    0.0021721143275499344,
    0.026309851557016373,
    0.1400999277830124,
    0.3289845585823059,
    0.342585027217865,
    0.15976862609386444
  ],
  "hard_hist_real": [
    0.0,
    0.0,
    0.046666666865348816,
    0.3499999940395355,
    0.5199999809265137,
    0.03333333507180214,
    0.0,
    0.0,
    0.009999999776482582,
    0.03999999910593033,
    0.0,
    0.0
  ],
  "hard_hist_gen": [
    0.0,
    0.0,
    0.0,
    0.0,
    0.0,
    0.0,
    0.0,
    0.0,
    0.0,
    0.3400000035762787,
    0.6600000262260437,
    0.0
  ],
  "js_soft": 0.5900137424468994,
  "js_hard": 0.6292129755020142,
  "hub_share_real_top1pct": 0.09240362793207169,
  "hub_share_gen_top1pct": 0.014872402884066105
}