{
  "alpha_struct": 0.5,
  "seed": 2,
  "run_tag": "",
  "bin_edges": [
    0.0,
    0.5,
    1.0,
    1.5,
    2.0,
    2.5,
    3.0,
    3.5,
    4.0,
    4.5,
    5.0,
    5.5,
    6.0
  ],
  "soft_hist_real": [
    0.005617871414870024,
    0.03566940873861313,
    0.12953579425811768,
    0.26378101110458374,
    0.29088887572288513,
    0.16777685284614563,
    0.050186000764369965,
    0.012904683127999306,
    0.015241341665387154,
    0.0172351635992527,
    0.009041248820722103,
    0.002121811965480447
  ],
  "soft_hist_gen": [
    2.4914749533268648e-17,
    4.1720045387133586e-14,
    3.060738468230184e-11,
    9.838678316498317e-09,
    1.385918267260422e-06,
    8.557371620554477e-05,
    0.002317138249054551,
    0.02753978781402111,
    0.14391174912452698,
    0.3316825032234192,
    0.3391067385673523,
    0.15535512566566467
  ],
  "hard_hist_real": [
    0.0,
    0.0,
    0.046666666865348816,
    0.3499999940395355,
    0.5199999809265137,
    0.03333333507180214,
    0.0,
    0.0,
    0.009999999776482582,
    0.03999999910593033,
    0.0,
    0.0
  ],
  "hard_hist_gen": [
    0.0,
    0.0,
    0.0,
    0.0,
    0.0,
    0.0,
    0.0,
    0.0,
    0.0,
    0.5866666436195374,
    0.41333332657814026,
    0.0
  ],
  "js_soft": 0.5893294811248779,
  "js_hard": 0.6187688112258911,
  "hub_share_real_top1pct": 0.09240362793207169,
  "hub_share_gen_top1pct": 0.014917537569999695
}