{
  "alpha_struct": 0.1,
  "seed": 4,
  "run_tag": "",
  "bin_edges": [
    0.0,
    0.5,
    1.0,
    1.5,
    2.0,
    2.5,
    3.0,
    3.5,
    4.0,
    4.5,
    5.0,
    5.5,
    6.0
  ],
  "soft_hist_real": [
    0.007261944003403187,
    0.037999656051397324,
    0.12948983907699585,
    0.26186689734458923,
    0.2897389829158783,
    0.16722330451011658,
    0.0499107725918293,
    0.012687720358371735,
    0.015132184140384197,
    0.017348632216453552,
    0.009176830761134624,
    0.0021632141433656216
  ],
  "soft_hist_gen": [
    2.3650834100899873e-17,
    3.971760190158401e-14,
    2.925147277177409e-11,
    9.44699962701634e-09,
    1.337872163276188e-06,
    8.30932185635902e-05,
    0.0022641581017524004,
    0.0270884707570076,
    0.14252245426177979,
    0.33075010776519775,
    0.3404146432876587,
    0.15687572956085205
  ],
  "hard_hist_real": [
    0.0,
    0.0033333334140479565,
    0.0533333346247673,
    0.31333333253860474,
    0.54666668176651,
    0.03333333507180214,
    0.0,
    0.0,
    0.006666666828095913,
    0.04333333298563957,
    0.0,
    0.0
  ],
  "hard_hist_gen": [
    0.0,
    0.0,
    0.0,
    0.0,
    0.0,
    0.0,
    0.0,
    0.0,
    0.0,
    0.47333332896232605,
    0.5266666412353516,
    0.0
  ],
  "js_soft": 0.5893263816833496,
  "js_hard": 0.6187152862548828,
  "hub_share_real_top1pct": 0.09268707782030106,
  "hub_share_gen_top1pct": 0.014787689782679081
}