step,bce,L_struct_total,L_struct_scaled,hub_penalty,density_penalty,JS_soft,JS_mass,moment_mean,moment_std,deg_gen_mean,deg_gen_std,hub1pct_gen,auc,ap
0,1.0741705894470215,21.733030319213867,5.433257579803467,0.04138973727822304,2.8652142646024004e-05,0.1637241244316101,0.2129165232181549,12.803292274475098,402.82196044921875,15.33816909790039,0.2543310523033142,0.010757936164736748,0.8736203022403217,0.5108901496537431
